name,company_name,salary,city,experience,education,job_desc
Python,腾讯,20000-30000元,深圳,3-5年,本科,"负责大规模运维系统开发，包括cmdb，发布，监控，容量管理等
具备分布式系统架构能力
熟悉python/golang 后端开发"
python,软通动力,10000-20000元,深圳,3-5年,本科,"1、熟悉Python定时任务框架：APScheduler,celery
2、熟悉python开发框架：Scrapy shell
3，熟悉多线程编程，linux/flask/diango/tornado/redis/
4，统招二本及以上学历。
                            
Ø  具有竞争力的薪酬，补贴，项目绩效奖金，年度调薪机会；
Ø  五天8小时工作制，周末双休，节假日按照国家标准；
Ø  入职即享受五险一金，年度免费体检；
Ø  法定规定年休假、婚假、产假、病丧假；
Ø  充满活力和创造力的工作环境，良好的职业发展舞台；
Ø  定期部门、协会建设活动，节假日礼物；"
python,软通动力信息技术集团,8000-13000元,深圳,1-3年,本科,"掌握python基础以及常用的的python库；
掌握Linux系统
熟悉PYTHON开发，大型软件系统
                            
宽松氛围，积极进取"
python,中软国际,8000-16000元,深圳,1年以内,本科,"1.一年以上的python开发工作经验；
2、熟悉Linux环境，能够独立做shell编程；
3.全日制统招本科学历（17年及其以前毕业，应届毕业生及大专学历的勿扰哦）"
Python爬虫,软通动力,15000-30000元,深圳,3-5年,本科,"工作职责，
1．  Python 定时任务框架：Apscheduler，celery
2．  Python 爬虫框架，目前主要框架是Scrapy+redis
3．  熟悉：flask、diongo、tornado框架
4．  目前操作系统suse、欧拉
5．  数据库：mysql、redis、mongoDB、neo4J
 
项目背景：
搭建环境、大数据文件处理"
python（南山）,中软国际,9000-12000元,深圳,1-3年,本科,"1、负责安全产品的后端开发；
2、独立分析、评估并解决问题，能够在较短时间内寻求最优解决方案；
岗位要求：
1、2年以上开发经验，能够熟练使用python语言；
2、熟悉Linux，能进行基本的常用操作；
3、熟悉网络HTTP、TCP等网络协议，熟悉网络编程；
4、具有OA、CRM等系统开发经验者优先
5、责任心强，自我驱动力强，具有良好的沟通和团队协作能力，主动，好学。
                            
团队"
python工程师,软通动力,15000-25000元,深圳,经验不限,本科,"1.熟悉python 开发，理解IO,多线程，集合等基础框架，对JVM原理有一定了解。
2.熟悉J2EE WEB/HTML/CSS等技术，对各种开源框架如Sprint/Hibernate/ibatis/struts等有深入的应用和优化经验。
3.熟悉Linux配置和Shell使用，熟练数据库（Mysql，MS SQL SERVER使用，设计，调优）"
Python,富士康,8000-16000元,深圳,经验不限,本科,"1. 具备2年以上Python开发经验，参与过大型高并发网站开发及实施工作；2. 精通Python开发语言，熟练使用常用模块，熟悉Python多线程、携程、多进程开发；3. 精通Django/Tornado等框架,有使用框项目开发经验（web或restful API）；4. 熟悉MySQL,Redis Memcache、MongoDB、PostgreSQL等数据库使用，存储设计及优化，有时序数据库开发经验者优先；5. 熟悉MQTT消息队列服务，拥有RabbitMQ、ActiveMQ、ZeroMQ开发经验；6. 具有良好的自学能力，能通过研究开源项目来解决工作中遇到的问题；7. 熟悉 http、Websocket、TCP/IP协议相关知识；8. 熟悉web前端开发技术HTML、CSS、JAVAScript、JQuery、Bootstrap；9. 有规则引擎设计及开发经验者优先；10. 熟悉微服务框架（SpringCloud）开发经验者优先；11. 有大数据梳理、建模及ETL开发者优先 工作内容:1.负责平台WEB开发及优化2.数据存储设计及优化、3.数据解析ETL开发4.微服务开发"
Python讲师,千锋互联,13000-18000元,深圳,3-5年,大专,"岗位职责：
1、负责Python课程体系设计和完善；
2、负责Python课程爬虫/数据分析/网站开发的课程讲授；
3、按进度完成教学任务；
4、参与学术交流与研讨，不断提升业务水平任职资格；
5、按照课程大纲要求，严格管理学生，保证教学和学生学习质量；
6、完成领导交办的其它工作。
岗位要求：
1. 至少3年以上Python编程经验；
2. 熟练运用Python语言及常用模块；
3. 熟悉django等常用开发框架；
4. 熟悉Mysql, oracle数据库中任何一种；
5. 熟悉HTTP, Javascript, HTML。
6. 熟悉树莓派设备python开发
7.  熟悉python机器学习实战
8. 精通Linux下Shell、Python两种脚本语言；
9. 精通基于Linux应用程序的管理和配置，如Tomcat、Redis、Zookeeper、Jdk、Nginx、LVS、FastDFS、GFS等；"
Python,中软国际,8000-9000元,深圳,1-3年,本科,"1、熟练使用python开发语言和相关调试工具，熟悉linux操作系统。
2、熟练掌握server端开发技能，有二年以上项目开发经验。
3、熟练使用php语言的优先，熟练使用centos系统的优先。
4、熟悉消息队列、微服务，有云计算经验的优先。
5、熟悉虚拟化计算，虚拟化网络或虚拟化存储知识，具有一定开发技能的优先。
5. 有内核研发经历的优先；
6. 具有良好的沟通协调能力 、较强的团队合作精神、优秀的执行能力、强烈的责任心和敬业精神，能吃苦耐劳；
7. 有很强的学习能力，以及分析和解决问题的能力
                            
中软国际有限公司是根植中国、服务全球的IT服务提供商，致力于为遍及全球的客户提供全面的服务，打造中国智造综合平台。集团业务涵盖以咨询为驱动的解决方案、以专业化为准则的ITO和BPO外包服务IT服务外包以及业务流程外包。中软国际将继续秉承“创造、分享，共成长”的理念，成为全球IT伙伴实现梦想的理想桥梁。"
Python,糗事百科,15000-30000元,深圳,3-5年,本科,"工作内容：
参与糗事百科的后端研发；
保障产品的快速迭代与服务质量；
任职资格：
三年以上高并发系统的设计与调优经验，对系统的架构与实现有清晰的认识；
熟悉linux系统生产环境搭建与调优；
至少熟悉 Python/Golang/C/C++ 其中一种语言
熟练掌握Mysql数据库的使用与优化；
熟悉至少一种web框架的使用和调优，并了解其基本原理
扎实的编程功底，能享受编程乐趣；
高效的学习能力和分析解决问题能力；
本科及以上学历；
                            
糗百""HR弟""，不是HRD
专业招聘打杂，后端开发（Python/Golang)/Andriod/iOS/产品经理/内容运营童鞋 憋走。。
来呀，快活啊~ ~
VX：m1052000292，欢迎来撩.."
Python,云图智联,15000-30000元,深圳,3-5年,本科,"关于WisConT
WisConT是一家集产学研为一体的高科跨国技企业，专注于物联网和大数据方面的研发及应用。公司总部设在深圳，目前为汇丰银行全球总行、英国电网、中国电信、深圳国税局等大型单位提供数据库及软件开发服务，同时与英国帝国理工、西安交通大学等高校展开紧密合作。WisConT集团横跨亚欧美大陆的多个国家，创始人为剑桥大学、帝国理工学院等世界顶级高校的博士生，目前全职、兼职开发人员共有20多人。
岗位：python后端数据工程师（数据库及Python）
职位要求
对数据库进行建库、建表及ETL操作，并协助定制基于Python的Web应用程序后端的规划、设计、开发、发布、部署及维护，主要涉及到税务相关的数据分析及后端程序开发。
性质和范围
在技术方面，该职位会向后端总监或更高级别的技术人员报告。该职位既需要能独立开展工作，也是团队的一部分，例如配合产品经理进行开发，为内部和外部客户提供软件解决方案。
基本职责
与客户沟通协作，以了解他们的业务需求
使用敏捷方法设计和开发完整的软件解决方案
记录软件使用情况并根据需要开发培训材料
维护和支持应用程序和数据库
管理开发基础设施工具和服务
与同行合作，开发创新解决方案
关键素质
良好的人际关系，良好的口头和书面沟通技巧，包括对软件代码的评论及注释
能够在基于团队的环境中与各级技术人员进行有效沟通和互动
具有批判性思维，能够有技巧地公开表达自己的不同意见
具有很强的解决问题的能力
能遵循标准操作规程，按照规范记录工作，并在接受适的监督
具有强烈的求知欲望和对新技术的钻研精神
所需技能
熟悉关系型数据库理论及管理
熟悉SQL语句
熟悉Pandas
了解ETL流程
有一定的Web应用程序开发经验
有Git版本控制系统的经验
良好的人际关系，口头和书面沟通技巧，包括评论软件代码
加分项
有大型数据表（亿行数据以上）的处理经验
熟悉数据仓库理论
                            
CEO李云曦博士
剑桥大学博士；伦敦帝国理工学院AES研究中心工业协作成员；数据科学家，大数据、人工智能技术专家。
CTO Pedro Baize博士
帝国理工学院博士。伦敦帝国理工学院AES研究中心工业应用主任，曾为帝国理工科学计算研究中心创始人兼副主任，博导；数据科学家，流体动力学专家，科学计算专家。"
Python,中星科技,12000-15000元,深圳,1-3年,本科,"python工程师：
1.熟练掌握1门开发语言python，最好懂c++，c#,go语言；
2.熟悉数据库，mysql，sqlserver；
3.熟悉linux，unix环境系统操作命令；
4.了解shell语言及脚本；
5.具备自然语言和机器学习的基础理论知识，有实战项目者优先；
6.使用go，python完成基于restful风格和基于websocket的服务端开发；
7.参与制定服务交互流程，与对接方协商设计接口协议；
8.编写爬虫项目爬取web上的文本信息，并做初步信息提取；
9.负责服务项目及爬虫项目的实现设计，编码，调优，测试，使用和接口文档撰写及bug的处理。
10.精通redis/postgresql，会设计关系型数据库的schema,同时有将非结构化数据提取转化为结构化数据的经验；
11.掌握基本数据采集，模拟登陆，http代理，动态数据获取，html文本信息提取等技术；
12.有git使用经验；
13.熟悉Apache/Ngnix等webServer的部署和应用；
14：规范化的文档编写习惯。
岗位：
1.本科及以上，计算机软件工程，数据科学等相关专业；
2.工作经验1-3年；"
python,德科信息,10000-15000元,深圳,1-3年,大专,"岗位需求
1、熟练Linux操作系统，了解常用开源软件，并有Linux系统下的开发经验；
2、具有扎实的编程基础，熟悉Python语言，熟悉常用的设计模式、应用架构；
3、熟悉Web开发常用技术，至少熟悉一种常用的web框架，如flask，django等；
4、熟悉数据库理论，至少熟悉一种数据库技术，如mysql、mongodb、redis等；
5、熟悉HTML/HTML5、CCS/CCS3、Javascript等前端技术，熟悉至少一种前端框架；
6、做事严谨踏实，有良好的团队合作精神和沟通协调能力；"
Python,小赢科技,10000-20000元,深圳,经验不限,本科,"【岗位职责】
1、负责平台基础模块的开发维护工作；
2、负责平台金融产品业务逻辑的实现。
【任职资格】
1、计算机相关专业，有相关工作经验；
2、熟练掌握python语言，了解Golang、C/C++语言更优
3、掌握一种主流web框架，熟悉http协议
4、熟悉html,js,css,javascript前端技术，有实际开发经验
5、熟练使用Mysql等数据库，熟悉SQL语言；
6、熟悉Linux系统的使用，以及相关环境下的调试 ；
7、了解memcache，redis，mongodb等nosql组件者优先；
8、较强的学习能力，善于交流，有团队合作精神。"
南山区  python,中软国际,6000-8000元,深圳,1-3年,本科,1.学习能力，动手能力沟通能力强.2.熟悉基本的Http，Tcp等协议，有一定网络基础3.熟练掌握一些脚本语言（ruby/shell/python/perl等任意）优先4.有网络安全产品，虚拟化产品，存储产品测试经验者优先
python,中软国际,12000-20000元,深圳,3-5年,本科,"岗位技能：
1.熟练Python或JAVA或Go语言进行编程
2.熟悉Linux ，Docker，MySQL、Redis等开源系统应用。
3.具有三年以上软件开发经验。
4.良好的沟通、协调、学习、创新能力，对解决具有挑战性问题充满激情；
5.具有相关产品开发和设计经验优先
岗位职责：
1.对标互联网自动化运维平台，开发包括自动化部署、监控、配置、故障自动化处理等平台，提升运维效率。
2.深入理解DevOps理念，负责Ops侧相关工具系统开发工作。
3.与运维团队合作，收集与理解需求，提供解决方案，改善运维流程；"
Python,途游游戏,10000-20000元,深圳,1-3年,本科,"游戏爱好者(重要), 具备扎实的计算机系统结构、数据结构等基础知识，熟悉TCP、HTTP等网络协议
  熟悉linux环境C/C++、shell、lua、python等开发语言，至少精通其中一种，有python开发经验者优先
  超过2年互联网行业工作经验，有大容量、高并发网络服务器开发经验，有棋牌项目开发经验者优先
  思维缜密，细心，善于学习和沟通，抗压能力强"
Python,雁联技术,11000-17000元,深圳,3-5年,本科,"岗位职责: 1.负责部门项目的后端模块开发工作，协助部门AI项目落地，能自主完成分配的任务
2.负责部门已开发完成项目的维护工作，懂得分析出现的问题，找出原因  
任职资格: 1.计算机相关专业本科以上学历，3年以上python或者web开发工作经验；
2.具有良好的编码规范，深刻理解面向对象设计和编程思想；
3.Python基础扎实，熟悉常用的类库； 
4.掌握Tornado、Django、Flask其中任一web框架，至少两年左右的web开发经验；
5.熟悉常用的工具如Redis，Memcached，Mongodb，Mysql，Nginx等的基本原理和使用； 
6.掌握linux环境下的开发和部署，掌握gitlab的使用； 
7.加分项：爬虫开发经验、前端开发经验。
PS：学历必须真实，学信网可查"
python后台开发,软通动力,14000-26000元,深圳,3-5年,本科,"熟练使用python，最少熟悉tornado、Django、flask中一种，构建过nginx + uWSGI + python的web-services者优先；
熟悉Linux/Unix平台，能熟练使用python, shell 等脚本语言进行系统日志分析；
熟悉mysql，熟练使用redis、MQ、celery等常用第三方组件；
具备良好的阅读文档能力，学习能力和表达能力。
完整的项目开发经验。
统招二本以上学历优"
Python架构师,绿米,20000-35000元,深圳,5-10年,本科,"工作职责：
. 规划公司IT系统技术架构，应对公司飞速发展的业务量和需求；参与需求分析，主导整体架构设计工作（分布式部署，负载均衡等），提供高可用的系统；
. 优化现有IT系统的底层框架，解决框架中的关键问题和技术难题，提高业务开发工程师的效率；
. 主导核心框架代码编写、指导和培训业务开发工程师、不断进行系统优化，共同建设技术体系；
. 性能优化：构建系统的性能监控和日志分析系统，持续优化各部分（前端，框架，数据库等）的性能；
. 稳定性提高：提高系统整体的稳定性；
. 日常Review业务功能代码，把控代码质量；
. 积极了解业界相关新技术及发展趋势，加强完善平台架构与功能；
任职要求：
- 计算机相关专业本科以上学历；
- 扎实的编程基础，熟练使用至少一门面向对象语言(Python/Java/….)，精通Python，7-8年以上开发经验、3年以上专职Python开发经验，精通主流web框架：Flask，Django等。
- 熟悉基于Python代码的性能分析和优化，熟悉多线程编程；
- 熟悉数据库事务和锁机制，有基于关系型数据库开发大型应用的开发和优化经验；有数据库读写分离经验，有基于PostgreSQL开发经验者优先；熟悉Redis数据库；
- 具有较好的英文听说读写能力；能够和国外的开发社区沟通交流；
- 具备优秀的编程习惯，具备较强的研发与设计能力，有代码洁癖者优先；
- 具备缜密的逻辑思维，具备优秀的分析、解决问题的能力；有技术管理经验者优先；
- 技术视野开阔，具备良好的服务意识、责任心、较强的学习能力、优秀的团队沟通与协作能力、能承受一定的工作压力；
加分项: 
- 有参与成熟框架的开发和优化的经验和项目案例更佳；
- 拥有与开源社区的工作经验更佳；
- 能提供github或者Stack Overflow账号更佳；
                            
首批小米生态链；
美籍华人创立；
团队人员300+；
B+轮数千万美金已完成；
工程师文化 ；
扁平管理，为目标服务；
智能家居领域产品服务位居行业前列；"
Python开发,软通动力信息技术集团,10000-20000元,深圳,3-5年,本科,"1.本科及以上学历，3年以上工作经验。
2.熟练使用python语言。
3.熟悉python的常用数据结构和算法，熟悉python的多进程、多线程和协程的实现方式。
4.熟悉Linux环境及常用shell命令。
5.熟悉至少一种关系数据库如MySQL、Oracle等，了解mongodb、redis等NoSQL。
6.具备良好的逻辑思维能力，独立分析和解析问题的能力。
7.强烈的责任心与主动性，能自我驱动成长。
以下是加分项：
1.熟悉pandas、numpy包。
2.阅读过python解释器源码。
3.熟悉面向对象OO的设计思想及设计模式。
4.熟悉docker容器化部署。"
Python,绛门科技,6000-12000元,深圳,1-3年,本科,"岗位要求：
1、本科及以上学历，2年以上Python/Java使用经验。
2、熟悉Flask/Django/Tornado等常见Python Web框架之一，注意代码质量和可维护性。
3、熟悉Postgresql/Elasticsearch/Linux/Nginx/Redis等技术生态，熟悉数据库知识。
4、良好的逻辑思维能力和沟通能力，具有很强的问题分析和解决能力，对解决具有挑战性的问题充满激情。"
Python开发,雁联技术,11000-12000元,深圳,3-5年,大专,"熟练Linux操作系统，并有Linux系统下的开发经验
具有扎实的编程基础，熟悉python语言
熟悉至少一种数据库理论，例:MYSQL、redis
熟悉至少一种前端框架
有爬虫开发经验者优先"
python工程师,雁联技术,8000-15000元,深圳,1-3年,本科,"1、负责设计和开发分布式网络爬虫系统，进行电商等平台信息的抓取和分析；
2、设计爬虫策略和防屏蔽规则，提升网页抓取的效率和质量；
3、 爬虫逻辑的开发，快速响应业务变动
1、具有1-2年爬虫开发经验，精通python，熟练使用多线程，熟悉常用的爬虫框架；
2、对数据结构和算法设计有较为深刻的理解，具有良好的沟通能力和团队合作意识;
3、熟悉正则表达式，Jsoup、XPATH，CSS选择器，能够从结构化和非机构化的数据中获取信息,了解各种Web前端技术，包括HTML／XML／JavaScript／AJAX／JSON等;
4、拥抱新技术，有很强的学习能力；
5、懂其他技术点加分。
6、有主流电商平台数据爬取经验优先
外派平安总行和科技，
                            
期待您的加入~喵喵~
一群细心耐心的招聘姐姐"
Python,UCVR,25000-40000元,深圳,5-10年,本科,"主持系统和应用软件层面的各项研发工作。
管理研发团队（算了，不啰嗦了，就是做好了来做cto，搭架构，定方案，带队伍）"
Python,途灵旅行,8000-16000元,深圳,1-3年,大专,"1.完成基于go/redis/mysql等技术的服务器端API开发，使之能支撑
十万用户级的企业应用。
2.负责项目的设计、编码、调优、测试及Bug处理
3.负责产品服务端开发，不断进行产品演进，提高产品质量和用户体验；
4.根据产品需求，写出良好的解决方案。
岗位要求：
1、计算机相关专业本科以上学历，1年以上相关工作经验； 
2、了解算法、数据结构、TCP/IP网络通讯原理；
3、熟悉 Go /Java / Python/C++任一种开发语言及其常用 
4、熟练使用django,flask，tornado至少两种。两年以上开发经验。
5、有nginx / mysql的使用经验；
6、良好的英文文档阅读能力，良好的团队沟通和协作能力。
7、强烈的责任心，有良好的沟通和团队意识； 
8、有微服务架构经验优先；"
python讲师,泽林信息,18000-30000元,深圳,3-5年,本科,"1、3年以上Python编程经验；
2、精通Python全栈开发，精通Django Web框架；
3、深刻理解计算机原理，有良好的数据结构和算法基础；
4、熟悉面向对象程序设计方法；
5、熟练数据库表设计、SQL语法，熟练MySQL数据库；
6、熟练web前端技能, 包括html/css/javascript/jquery/boostrap；
7、熟练Linux环境开发，熟练使用SHELL命令和脚本语言；
8、熟练基于Linux应用程序的管理和配置，如Docker、Redis、GitLab、Ansible、Nginx、Zabbix、Jenkins等；
9、有Python网络爬虫相关开发经验优先；
10、具备大型网站或高并发系统开发、设计工作经验者优先。"
Python开发,软通动力,13000-26000元,深圳,3-5年,本科,"项目名称：华为大脑（人工智能方向）
任职要求：
1、熟悉Python语言，能够熟练使用python的web框架设计网站，例如django等。
2、熟悉常用爬虫框架，如Scrapy框架。熟练使用Scrapy框架以及scrapy-redis分布式等
3、有过分布式任务调度管理(celery)的经验，可熟练编写高并发程序。
4、熟悉多线程、多进程和协程网络通信编程相关知识以及HTTP/HTTPS协议，TCP/IP等网络协议; 
5、熟悉Linux/Unix类开发环境，熟悉其常用命令的使用; 熟悉MySQL， Redis， MongoDB
6、数据分析: 熟悉python数据分析相关模块numpy,pandas以及matplotlib; 
8、了解Django，FlaskWeb; 
其他要求：
1、3年以上相关工作经验，本科及以上学历
2、具有良好的工作态度和职业道德
3、具有较强的表达能力，能主动沟通、并进行团队协作
4、工作主动性强，能承受一定的工作压力
5、具备较强的安全意识和一定安全风险控制能力
6、有较强的逻辑思维能力，对技术有强烈的兴趣，具有良好的学习能力；"
Python爬虫,深圳雁联,10000-15000元,深圳,3-5年,本科,1.计算机相关专业本科以上学历，3年以上python或者web开发工作经验； 2.具有良好的编码规范，深刻理解面向对象设计和编程思想； 3.Python基础扎实，熟悉常用的类库； 4.掌握Tornado、Django、Flask其中任一web框架，至少两年左右的web开发经验； 5.熟悉常用的工具如Redis，Memcached，Mongodb，Mysql，Nginx等的基本原理和使用； 6.掌握linux环境下的开发和部署，掌握gitlab的使用； 7.加分项：爬虫开发经验、前端开发经验。
Python,鼎鼎赞,12000-19000元,深圳,3-5年,本科,"大学本科以上学历，3年以上计算机相关工作经验；
2、精通Linux、UNIX等操作系统命令；
3、熟悉自动化运维、有Restful API接口开发经验，DevOPS、AIOPS；
4、精通使用Python进行运维管理产品开发，有过项目管理经验优先；
5、熟悉Oracle、PostgreSQL、MySQL等数据库开发；
6、熟悉金融行业监管对数据中心运维管理要求优先；
7、有团结协作精神，能够承受压力，做事踏实，学习能力强。"
Python教学讲师,小码教育,10000-15000元,深圳,经验不限,本科,"1、主要负责讲授青少年编程课程；
2、按照公司制定的教学计划，高质量完成教学任务；
3、负责班级日常管理和维护工作；
4、负责学生辅导和教学答疑等工作；
5、参与优化和创新教学课程体系；
6、配合其他部门完成相关工作。
7、python新讲师培训；
8、教学品质督查
任职要求：
1、本科及以上学历；
2、掌握python语法基础，数据结构和算法；
3、热爱教育事业，有良好的敬业心；
4、能主动与学生沟通，关心学生，并督促学生认真学习；
5、普通话标准，语言表达能力强，逻辑思维清晰，具有优秀的沟通技巧；"
Python web开发工程师,腾讯,8000-10000元,深圳,3-5年,大专,"招聘python web开发工程师一位
地点：深圳    薪资：8-10K
岗位职责：
1、开发编写自动化运维脚本
2、开发编写web运维平台
任职要求：
1、大专以上学历 
2、计算机相关专业 
3、1-3年Python相关工作经验
4、熟练掌握Python web开发框架；
5、熟练掌握Python 爬虫;
6、熟悉Linux操作"
python工程师,荔枝微课,9000-15000元,深圳,1-3年,本科,"工作职责：
1、负责服务端的后台架构的优化、设计与开发；
2、根据产品需求，制定解决方案；
3、负责现有系统的性能调优等的设计与实现；
任职要求：
1、本科以上学历， 计算机或相关专业；
2、基础扎实，熟练掌握Python，2年以上开发经验；
3、熟悉 Linux 开发环境，熟悉 tornado 、django 或 flask 等框架。
4、思路清晰，优秀的分析和解决问题的能力, 具备良好的沟通能力，团队合作意识, 能主动承担，乐于分享；
5、熟悉移动互联网服务及应用开发者优先；
6、熟悉MySQL、MongoDB、Redis数据库和多线程编程；
加分项:
1. 有过高并发服务器设计和架构经验，系统调优相关经验；
2. 简历中最好能提供个人博客地址和 Github 地址。"
Python爬虫工程师,星商电子商务有限公司,8000-13000元,深圳,1-3年,本科,"岗位职责：
1、参与爬虫项目的架构设计、研发工作，改进和提升爬虫效率；
2、攻破各种反爬策略。解决各类技术疑难问题；
3、与大数据工程师对接，完成实时数据与离线数据的爬取与对接；
4、根据业务需要，主动搜罗并采集相关数据源。
任职要求：
1、计算机及相关专业本科及以上学历,两年以上相关工作经验；
2、精通Python开发语言；
3、熟练掌握一种开源爬虫框架，如scrapy、webmagic，有研发爬虫框架经验者优先；
4、 熟悉Appium、Selenium等技术；
5、善于独立分析并解决核心问题，如JavaScript反爬、爬虫策略、防屏蔽规则、验证码识别技术等；
6、熟悉mysql, mongod等数据库；
7、对爬虫有浓厚的兴趣，责任感强，有较好的交流沟通能力和团队合作能力。"
Python,乐易,15000-25000元,深圳,3-5年,本科,"• 乐易网络是一家数据驱动的手游公司，诚邀您作为后台工程师加入我们的数据中心团队。本团队开发的BI系统，使用数据来支持公司各方面的决策。您将成为我们业务发展过程中的主要驱动力。
• 岗位职责：
• 作为软件工程师，开发及维护内部使用的数据分析平台；
• 针对公司内部和外部（Google，Facebook等）的API接口开发ETL程序；
• 制作基于web的统计报表；
• 理解公司业务中的各种策略，编写自动化的工具来代替人工操作；
• 设计并实现可以有效进行大量A/B test的工具；
任职资格：
• 有使用python web框架开发的经验，例如 flask/django；
• 有使用python进行数据分析的经验，比如pandas/numpy；
• 有互联网公司后台服务的开发经验，掌握数据库(PostgreSQL)、网络编程等方面的工作原理；
• 有良好的算法和数据结构基础，及很强的自学能力；
• 能独立分析并解决问题，找到问题根源；
• 沟通能力良好，善于团队合作；
• 计算机相关专业毕业，2-3年软件开发经验。
▶关于乐易◀
★极客精神 专注海外精品手机游戏的研发、发行和运营，致力于打造一流的产品；
★技术深厚 创始人、CTO（原腾讯部门总监），研发经理及技术骨干均为腾讯技术背景； 
★飞速发展 成立首年盈利，4年每年100%营收增长，已获A轮融资，估值10亿人民币；
★导师制 一对一的导师，助你快速成长。
▶关于福利◀
★一年两次调薪★ ★绩效奖金高达10个月★ 
★六险一金★ ★一年两次旅游★ 
★7天年假15天带薪事假30天病假★ ★年度体检★ 
★高大上办公环境★ ★每月团建★ ★无限量零食水果供应★"
python,深圳国开创新科技,9000-14000元,深圳,3-5年,本科,"1. 计算机、电子、自动化等相关专业，3年以上python后台工作经验
2. 熟练掌握python开发语言，有扎实的编程能力
3. 熟练掌握一种及以上Web框架，Django框架优先
4. 熟悉mysql、redis、mongodb等数据库开发
5. 熟练应用linux操作系统，能够在服务器端进行代码的部署与调整
6. 具备较好的编码习惯，熟悉git，docker，nginx等技术
7. 较好的团队协作和抗压能力
工作内容
1. 根据用户需求文档，进行机器人的用户交互功能相关的后台开发
2. 负责机器人后台监控与系统管理的后台开发
3. 在与协力厂商开发方案中，负责技术沟通与开发
4. 负责机器人后台项目的运维作业
5. 执行上属交办工作任务"
Python,壹线科技,10000-15000元,深圳,1年以内,本科,"任职要求： 
1、熟悉Linux系统，掌握Java 、Python、PHP、shell等语言；
2、熟悉网络编程(TCP/HTTP 协议)，多线程、多进程相关知识，有分布式爬虫架构，数据挖掘经验；  
3、熟悉MongoDB 、MySQL、Redis等；对数据库有较强的了解； 
4、熟悉爬虫抓取原理及技术，熟悉搜索引擎，从结构化的和非结构化的数据中获取信息，
5、掌握多种解析工具Jsoup、Xpath、Beautifulsoup、htmlparser、正则，有Nutch，Heritrix，jsoup抓取经验或者分布式抓取经验者优先；
 
6、良好的编码风格及测试习惯；
1  优秀的分析、解决问题能力,对处理未知的、挑战性问题充满激情； 
 
2  具备较强的学习能力和责任心，良好的沟通能力，团队合作精神。"
高级python工程师,环球易购,15000-30000元,深圳,3-5年,本科,"企业内部系统研发（运维平台系统）
岗位职责：
1、负责内部平台系统设计和开发；
2、能够根据项目的实际需要，进行技术方案的分析、选型； 
3、发现和解决系统开发中存在的技术问题，解决关键的技术难题；
任职资格：
1. 计算机相关专业；
2.  掌握python语言，熟悉Django开发框架，有使用python+django开发过真实项目；
3. 了解python协程、多进程和异步；
4、使用过django-rest-framework框架编写 RESTful API；
5、具有OOP设计思想，良好的编码规范和团队协作能力。"
Python,站擎,20000-30000元,深圳,5-10年,本科,"岗位职责：
1. 5年及以上Python爬虫经验，良好的编码风格及编码能力；
2. 熟悉HTML、CSS、JavaScript等页面技术，熟悉网页布局和架构，熟悉HTTP等协议；
3. 熟练使用爬虫相关技术，如urlib、requests、bs4、xpath、css、正则等，能够从结构化和非结构化的数据中获取信息；
4. 掌握Linux基本操作，能够编写shell脚本优先；
5. 熟悉MySQL、MongoDB、Oracle、Redis、MongoDB等数据库中至少一种，熟悉SQL语言；
6. 熟悉常见的反爬技术及解决办法，如User-Agent、IP代理、cookie池等，有爬虫、反爬机制研发经验优先；
7. 熟悉常用爬虫框架Scrapy，有开发爬虫框架经验优先、有过分布式系统使用及开发经验的优先；
8. 有良好的思维能力、自学能力，有责任心，有团队精神，对技术研发感兴趣，有较强的钻研精神，动手能力强。
任职要求：
1. 研究目标网站、网页、链接的特点、发现其规律和特点，负责多平台数据的采集；
2. 参与爬虫系统、解析系统的设计开发，数据库设计；
3. 参与设计策略的优化，提升网页抓取的效率和质量；
4. 设计爬虫策略和防屏蔽规则，解决封账号、封IP、验证码等难点攻克。"
python工程师,新致软件,10000-15000元,深圳,3-5年,本科,"1、3年以上javaPython开发经验，2年以上大数据开发经验；本科以上学历计算机、数学、信息管理相关专业； 
2、熟悉hadoop大数据生态圈大部分框架的搭建、应用、优化（如Spark、Mapreduce 、Sqoop、Kafka 、Hdfs、Hive、hbase等）； 
3、熟练使用Linux、Unix等操作系统具备编写shell的能力；熟悉SQL和noSQL数据库的设计和开发
4、深刻理解大数据处理（流计算，分布式计算，分布式文件系统，分布式存储等）相关技术和实现方法； 
5、熟悉主数据、元数据、数据质量等企业数据管理相关的体系和方法； 
6、熟悉使用ETL工具的使用优先；具有统计学、数据挖掘、机器学习理论优先；有丰富的java开发经验和互联网背景优先； 
7、强烈的主动性与工作责任心，对所负责工作有owner意识，并能自我驱动不断成长；
                            
上海新致软件有限公司成立于1994年，是一家高科技企业。2002年起至今每年被认定为“国家规划布局内重点软件企业”；2004年首批获得“A级中国软件欧美出口工程试点企业认定”，公司整体通过CMMI5评估。新致是一家信息技术服务供应商、多个行业提供咨询、设计、实施、测试、支持、培训等专业解决方案。"
python,易特科集团,15000-25000元,深圳,3-5年,本科,"任职要求：
1、熟练Python语言,能够熟练运用Django/Flask框架，有实际Django/Flask项目经验；
2、熟悉http、json技术
3、熟练MySQL操作及数据库设计等
4、了解Python下Dicom相关开源库及开发者优先
5、熟悉Linux系统，了解Docker容器技术
6、具备较强的学习能力、问题分析能力，可以独立调试解决问题；
                            
强大的科研实力强大，博士后流动站"
python工程师-,绿舟科技,11000-18000元,深圳,3-5年,本科,1、本科及以上学历，2年以上python相关经验； 2、有独立开发经验，有扎实的编程功底、良好的编程习惯。 3、工作耐心，善于学习，有证券相关经验的优先； 4、特别匹配的大专也考虑；
python开发工程师,深圳浪潮早上班,11000-22000元,深圳,3-5年,本科,"学历要求：本科及以上
经验要求：3年以上经验
具体要求：
1.熟练使用python，最少熟悉tornado、Django、flask中一种，构建过nginx + uWSGI + python的web-services者优先；
2.熟悉Linux/Unix平台，能熟练使用python, shell 等脚本语言进行系统日志分析；
3.熟悉mysql，熟练使用redis、MQ、celery等常用第三方组件；
4.具备良好的阅读文档能力，学习能力和表达能力。
5.完整的项目开发经验。
加分项:
1.有个人技术博客，地址请附上
2.参与开源项目，如有地址请贴出
3.对web前端有一定了解
4.熟练使用git
5.编程，算法大赛获奖
6.对前沿技术有一定的了解，能独立完成新技术的预研，如openstack，容器，数据分析。
7.熟悉分布式系统，对网络和高并发编程有丰富的经验
上班地点：高新园b出口 大冲商务中心
上班时间：8:30-12:00 14:00-18:30
                            
浪潮是中国最早的IT品牌之一。浪潮HCM基于“ 互联网+ ”的人力资源服务平台，通过“人力决策”、“人才管理”、“劳动力管理”、“核心人力”等四个核心模块实现集团总部对整个集团人力资源的集中式管理。
http://www.inspur.com/"
python开发,中软国际,8000-9000元,深圳,1-3年,本科,"1、计算机相关专业本科及以上学历，熟悉linux下开发
2、有python项目开发经验，熟悉一种或多种常用框架，包括但不限与django、flask、Tornado、twisted。掌握常用的数据结构与算法
3、熟悉mysql、mongoDB、redis等数据库
4、有前端开发经验优先：vue、jquery等
5、自我驱动力强，面对复杂的情况能够独立完成工作，沟通能力强"
python,龙得水信息技术,10000-15000元,深圳,3-5年,大专,"职位描述
1、独立完成后台服务功能模块的设计与开发；
2、配合团队其他成员进行模块开发及整合；
3、维护所负责的服务模块，并不断持续优化功能系统；
4、确保所负责的服务模块能够达到产品要求的质量标准（响应、错误率、不间断服务指标）。
任职资格
1、专科以上学历，精通python，熟悉django或其他web框架，2年以上python工作经验；
2、熟悉restful，oauth等框架或者技术；
3、有良好的代码编写习惯，熟悉使用git等代码管理工具；
4、有OpenSource项目经验加分；
5、独立解决问题的能力 有良好的团队工作意识 能够承担压力；
6、互联网金融从业者优先，后台开发经验丰富者优先。
                            
*****"
python工程师,厦门云族佳,8000-13000元,深圳,1-3年,本科,1、本科及以上学历，2年以上python相关经验； 2、有独立开发经验，有扎实的编程功底、良好的编程习惯。 3、工作耐心，善于学习，有证券相关经验的优先； 4、特别匹配的大专也考虑；
python工程师,容维证券深圳分公司,15000-25000元,深圳,3-5年,本科,"1、本科以上学历，计算机相关专业优先；
2、扎实的编程基础，熟练使用至少一门面向对象语言(Python/Java/….)，精通Python，2年以上开发经验。精通主流web框架：Flask，Django等。
3、熟悉基于Python代码的性能分析和优化，熟悉多线程编程；
4、具备优秀的编程习惯，具备较强的研发与设计能力，有代码洁癖者优先；
5、具备缜密的逻辑思维，具备优秀的分析、解决问题的能力；
6、熟悉数据库事务和锁机制，有基于关系型数据库开发大型应用的经验优先；
7、技术视野开阔，具备良好的服务意识、责任心、较强的学习能力、优秀的团队协作能力、能承受一定的工作压力；
                            
互联网工作氛围，一群有活力的年轻人，丰富的团建活动，定时邀请大牛分享，帮助职员职业成长，能力提高。"
运维开发（Java/python),平安科技,15000-30000元,深圳,3-5年,本科,"岗位职责：
应用系统的维护，包括可用性管理、监控管理、容量管理、环境调优、运维工具优化、自动化运维、开源工具引入，java或者python开发等
任职要求：
熟悉应用系统故障诊断、问题处理、性能调优；
熟悉linux操作系统、Oracle或MySQL数据库、Weblogic或Tomcat平台；
熟练编写shell、perl、python等脚本；
熟悉AIOPS；
熟悉以下几种技术中的两种或以上： 
  J2EE平台架构以及网上应用程序的开发技术及流程；
   PL/SQL、Oracle数据库及性能优化技术； 
   linux/Unix的基本操作和维护； 
   weblogic等J2EE应用服务器的配置和维护；
   perl/python等文本分析语言；     
                            
平安科技hr。
简历请发*****。
云平台、大数据、人工智能、智慧城市、智能医疗等业务都有，欢迎各大人才前来了解。"
Python,兴融联科技,10000-14000元,深圳,3-5年,本科,1、3年以上系统开发经验；精通python，熟悉linux系统； 2、熟悉python代码性能优化和分析，熟练使用多线程编程； 3、精通tornado、django等主流框架，有后台restful api服务的实际项目经验，并对服务高并发、高可用有了解； 4、熟悉mysql、oracle、redis等数据库使用和优化方法； 5、具有优秀的编程习惯和较强的研发与设计能力，能独立分析和解决问题； 6、有AI后台开发经验者优先
python web开发岗位,德科信息技术,9000-12000元,深圳,1-3年,大专,"1、熟练Linux操作系统，了解常用开源软件，并有Linux系统下的开发经验；
2、具有扎实的编程基础，熟悉Python语言，熟悉常用的设计模式、应用架构；
3、熟悉Web开发常用技术，至少熟悉一种常用的web框架，如flask，django等；
4、熟悉数据库理论，至少熟悉一种数据库技术，如mysql、mongodb、redis等；
5、熟悉HTML/HTML5、CCS/CCS3、Javascript等前端技术，熟悉至少一种前端框架；
6、做事严谨踏实，有良好的团队合作精神和沟通协调能力；
7、有爬虫开发经验者优先。
福利待遇：
1、带薪年假5~15天。 
2、入职即可购买社保公积金。（六险一金）
3、公司每月统计在职员工生日，并会给当月过生日的员工购买生日礼物，代表公司的心意。 
4、公司、客户对员工进行绩效考核，对于优秀的员工，公司奖励奖品或奖金。 
5、项目组安排员工活动，比如：打篮球、爬山、烧烤、打羽毛球等活动。 
6、在职员工享有一个月薪资的年终奖年前发放，具体按入职日期及绩效考核成绩进行核算。 
7、在职员工正常工作日为5天，8小时工作制，员工享有国家法定假日。
                            
我们是一支团结的队伍，积极向上,快乐工作。"
Python开发（ERP）,绿米,12000-20000元,深圳,3-5年,本科,"职责描述：
1、规划ERP后台系统技术架构，参与需求分析、架构设计、技术决策以，详细设计；
2、优化现有系统的技术架构，解决系统中的关键问题和技术难题；
3、参与核心架构部分代码编写、指导和培训工程师、不断进行系统优化，共同建设技术体系；
4、积极了解业界相关新技术及发展趋势，加强完善平台架构与功能，使用AI技术让ERP系统更加智能；
5、带领团队开发一个更加智能、开放的ERP系统，提高企业的运营效率；
任职要求：
1、计算机相关专业本科以上学历；
2、扎实的编程基础，熟练使用至少一门面向对象语言(Python/Java/….)，精通Python，3年以上开发经验、1年以上专职Python开发经验。精通主流web框架：Flask，Django等。
3、熟悉基于Python代码的性能分析和优化，熟悉多线程编程；
4、具备优秀的编程习惯，具备较强的研发与设计能力，有代码洁癖者优先；
5、具备缜密的逻辑思维，具备优秀的分析、解决问题的能力；有技术管理经验者优先；
6、熟悉数据库事务和锁机制，有基于关系型数据库开发大型应用的经验；有基于PostgreSQL开发经验者优先；熟悉Redis数据库；
7、技术视野开阔，具备良好的服务意识、责任心、较强的学习能力、优秀的团队沟通与协作能力、能承受一定的工作压力；
                            
首批小米生态链；
美籍华人创立；
团队人员300+；
B+轮数千万美金已完成；
工程师文化 ；
扁平管理，为目标服务；
智能家居领域产品服务位居行业前列；"
Python,OPPO,20000-40000元,深圳,1-3年,硕士,"职责描述：
1、负责网络爬虫程序设计，开发及维护，对目标网站进行数据爬取分析，找到最优化的爬取策略。
2、负责爬虫系统的架构设计和研发，独立进行抓取和清洗工作； 
3、负责技术难点的攻克； 
4、负责大规模数据爬虫的性能优化工作；
任职要求：
2、精通网页抓取原理及技术，精通正则表达式，熟练从结构化和非结构化的数据中获取信息；
3、精通PYTHON语言，熟悉数据库性能优化与常见缓存技术与策略；
4、精通一种开源爬虫框架，如scrapy、webmagic、nutch、heritrix等等，有开发爬虫框架经验优先；熟悉反爬虫、验证码识别技术者优先；
5、熟悉微博、抖音相关分析j经验，熟悉fiddler，charles等抓包工具；
7、具备优秀的逻辑思维能力，对解决挑战性问题充满热情，善于分析问题/解决问题；
8、有强烈的上进心和求知欲，擅于学习新事物"
Python开发工程师,软通动力,11000-20000元,深圳,3-5年,本科,"统招本科学历
熟悉linux配置
熟悉shell使用
熟悉数据库
3年以上python开发工作经验"
python中高级开发,明源云,18000-25000元,深圳,3-5年,本科,"岗位职责
1、 敏捷开发小组Leader,带领团队用敏捷模式进行产品开发；
2、负责开发高可用、高效、稳定的产品及系统服务，根据业务需求，设计并实现技术解决方案，研究互联网领域最新技术成果，并应用于产品中；
3、完善团队的编码规范，编写高质量、高效率、结构清晰、易读、易维护的代码。
 
任职要求
1、本科以上学历，计算机相关专业，3年以上Python开发经验；优秀者大专亦可。
2、热爱编码, 对创新及解决有挑战性的问题充满激情；
3、精通Python/R等开发语言，精通SQL和数据库原理；
4、扎实的数据结构和算法知识，熟悉常用设计模式；
5、了解大数据产品和技术，如开源大数据框架（如Hadoop、Spark，Storm等）或公有云大数据平台（阿里云、AWS等）；
6、具备优秀的逻辑思维能力和自驱力，有良好的沟通能力和团队协作精神。"
python开发,雁联技术,11000-18000元,深圳,3-5年,本科,"外包岗位，请详阅后投递简历
学历要求全日制统招大专以上~~~
1、负责设计和开发分布式网络爬虫系统，进行电商等平台信息的抓取和分析；
2、设计爬虫策略和防屏蔽规则，提升网页抓取的效率和质量；
3、 爬虫逻辑的开发，快速响应业务变动
1、具有1-2年爬虫开发经验，精通python，熟练使用多线程，熟悉常用的爬虫框架；
2、对数据结构和算法设计有较为深刻的理解，具有良好的沟通能力和团队合作意识;
3、熟悉正则表达式，Jsoup、XPATH，CSS选择器，能够从结构化和非机构化的数据中获取信息,了解各种Web前端技术，包括HTML／XML／JavaScript／AJAX／JSON等;
4、拥抱新技术，有很强的学习能力；
5、懂其他技术点加分。
6、有主流电商平台数据爬取经验优先"
python工程师,昂耐秀品,7000-12000元,深圳,1-3年,本科,"1、负责爬虫系统的设计，开发与管理维护；
2、设计爬虫策略和防屏蔽规则，提升网页抓取的效率和质量；
3、对电商等平台（如亚马逊、ebay、wish)的数据进行抓取和分析，为业务部门提供数据支持；
4、挖掘算法优化，数据分类及分布统计，为其他部门提供特定需求的数据；
5、能独立解决实际开发过程碰到的各类问题。
任职要求：
1、全日制本科及以上学历、计算机相关专业；
2、精通Python，具有1年或以上爬虫开发经验，熟练使用多线程，熟悉常用的爬虫框架；
3、熟识Java，熟悉Javascript、HTML、CSS、正则表达式、Path等信息抽取技术熟悉抓包分析请求并模拟;
4、熟悉Mysql/Mongdb数据库的常规使用；
5、丰富的爬虫经验，能够解决反爬虫、网络异常等各种常见爬虫问题；
6、有爬取国内外主要电商网站数据处理经验优先；
每周上班5.5天（周六半天）
双地铁口（西乡站，碧海湾站），交通便利
年底至少双薪，以公司业绩增长量和突出贡献来计算！！"
Python开发工程师,深信服科技,12000-24000元,深圳,1-3年,本科,"岗位职责：
1、负责安全产品的后端开发；
2、独立分析、评估并解决问题，能够在较短时间内寻求最优解决方案；
岗位要求：
1、1年以上开发经验，能够熟练使用python语言；
2、熟悉Linux，能进行基本的常用操作；
3、熟悉网络HTTP、TCP等网络协议，熟悉网络编程；
4、具有大型网站或高并发系统开发、设计工作经验者优先；
5、责任心强，自我驱动力强，具有良好的沟通和团队协作能力，主动，好学；
5、有互联网产品开发经验，对互联网产品架构优先；
7、对于经验更丰富、能力更强、有相关领域研发经验者，将会以更高级别招聘入职。
最神秘、最酷炫、最有前（钱）景的网络安全行业；
加入我们，来一场与黑客博奕、和病毒对抗的激战。"
Python工程师,潮生活新媒体,12000-16000元,深圳,3-5年,本科,"岗位要求：
1、全日制本科、计算机或信息、通信类、软件类相关专业；3年及以上工作经验
2、热爱编程，熟练使用python语言，熟悉python桌面端开发框架PyGtk、PyQt、wxPython任意一种，至少1年以上使用经验，至少做过一个完整的桌面项目；
3、熟悉TCPIP协议相关应用开发、Socket通信应用开发、python、熟悉python web开发更佳；
4、了解python数据处理、python机器学习方面的应用开发更佳。
岗位职责：
1、完成发票助手windows桌面程序的开发与维护；
2、参与公司产品的用户数据分析应用开发；
3、参与一些利用机器学习算法的应用开发（比如推荐、半自动内容生产）
你能获得的：
1、 公司实行有竞争力的、成体系的薪资制度，且激励性强，无论您在什么岗位，只要您有能力，人人都可以拿到高于同行的高薪；
2、入职即购买五险一金；
3、 公司会按国家法定节假日实行带薪休假(春节、元旦节、清明节、劳动节、端午节、中秋节、国庆节）不仅如此，还有带薪病假和带薪年假；
4、 公司办公环境优美、自由休闲，在休息区提供丰富多彩的员工活动：娱乐室、各种图书、杂志等，各种零食任你享用；
5、 每月100元/人团建费用，50元/人零食费用，可累计。不定期聚餐、生日会、茶话会和吐槽会等；
6、各种吃喝玩乐的机会。
上班时间：
周一至周五，9:00-18:00，双休，节假日休。"
Python开发工程师,绿米,15000-30000元,深圳,3-5年,本科,"职位描述： 
1. 负责计算机视觉和深度学习方向相关程序的开发与调试； 2. 图像处理领域具备丰富的实践开发经验；
2. 嵌入式图像算法的维护和调试； 岗位要求：  1. 计算机科学、软件工程、电子工程等相关专业(985本科，特别优秀者可放宽) ； 2. 精通 C/C++ 、 Python 程序设计； 3. 精通一种嵌入式芯片(MCU、DSP或ARM)
3. 熟悉数字图像处理、或计算机视觉或指纹识别算法
4. 熟悉opencv、TensorFlow、Caffe或PyTorch等学习框架之一的优先
5. 有较强的独立解决问题能力、学习能力和沟通能力，
6. 对工作充满热情，强烈的使命感和责任感；
                            
小米生态链企业，智能家居和物联网引领企业，美国海归和美国专家指导工作，国语和英语工作环境，创新主导，技术积累扎实，产品世界领先，资金雄厚。已发布‘小米智能家庭套装’ 等系列智能家居解决方案，打造名副其实的智能家庭。工作环境优雅，弹性工作时间，已经起风的‘台风口’。"
兼职Python讲师,泽林信息,20000-30000元,深圳,5-10年,大专,"1、3年以上Python编程经验；
2、精通Python全栈开发，精通Django Web框架；
3、深刻理解计算机原理，有良好的数据结构和算法基础；
4、熟悉面向对象程序设计方法；
5、熟练数据库表设计、SQL语法，熟练MySQL数据库；
6、熟练web前端技能, 包括html/css/javascript/jquery/boostrap；
7、熟练Linux环境开发，熟练使用SHELL命令和脚本语言；
8、熟练基于Linux应用程序的管理和配置，如Docker、Redis、GitLab、Ansible、Nginx、Zabbix、Jenkins等；
9、有Python网络爬虫相关开发经验优先；
10、具备大型网站或高并发系统开发、设计工作经验者优先。"
Python爬虫工程师,Gshopper,10000-15000元,深圳,1-3年,大专,"岗位职责： 
1. 根据需求开发不同网站平台的爬虫程序，收集指定的信息； 
2. 维护并优化爬虫程序，保证爬虫程序稳定、高效； 
3. 协助算法工程师做数据的处理； 
4. 完成领导交代的其它调研及开发工作； 
任职要求： 
1. 本科及以上学历，2年及以上Python开发工作经验。
2. 扎实的Python基础，能独立完成爬虫开发任务。
3. 至少熟悉一种框架，（Django,Flask等）。
4. 熟悉Linux操作系统，熟悉常用命令，熟悉shell。 
5. 熟悉及使用过通过MQ处理数据机制。 
6. 具备积极的工作态度，良好的团队意识，愿意为团队更多的成果产出做贡献。
7. 自我学习能力强，对新技术充满渴望。
                            
轻松的工作氛围
有爱的工作伙伴
高额的薪资福利"
Python开发,上海炽聚,9000-14000元,深圳,1-3年,本科,"岗位职责：
1.负责设计开发、优化和改善内部运维平台；
2.通过自动化运维技术管理各系统和环境；
3.快速定位解决系统问题，利用工具和代码减少重复性劳动，提高团队的工作效率；
任职资格
1.计算机相关专业本科以上学历，3年以上工作经验；
2.至少熟练掌握C/C++、Python、Shell、PHP、Ruby、Go其中一门，精通C/C++优先；
3.深刻理解面向对象开发、具有较好的系统分析设计能力、文档撰写能力；
4.熟悉Linux网络编程、有海量服务开发经验、熟悉互联网业务；
5.具备持续集成实践经验，了解并掌握Docker，Kebernetes等容器相关技术优先；
6.掌握Ansible,Puppet,Jenkins优先；
7.有OpenStack等云服务研发经验者优先；
8.积极进取、诚实正直、责任心强，有较好的沟通能力。
                            
创业团队有多个项目成功孵化经验"
高级Python工程师,南伽科技,12000-20000元,深圳,3-5年,本科,"1、负责公司互娱系统平台开发及数据系统功能实现；
2、负责团队技术指导及需求分析管理；
3、结合业务发展规划，推动公司技术项目落地；
4、公司数据分析挖掘规划及系统运维管理；
素质要求：
1、高度责任心及大局意识；
2、具备业务敏感度和市场意识；
3、热爱编程，熟悉产品项目管理；
4、熟悉海外互联网平台；
5、愿意承担，学习进取能力强；
6、精通Python或Java等其中一门开发语言，熟悉前端或数据库开发；
7、有3年以上互联网公司技术研发经验优先。"
Python开发工程师,银盛支付,14000-24000元,深圳,1-3年,本科,"职位要求：
1、熟练掌握Python语言，具备2年以上的项目开发经验
2、熟悉Django、Django Rest framework等web框架
3、熟悉MySQL、PostgreSQL、Redis 等常用数据库及缓存，有一定的数据库优化能力
4、熟悉HTML、CSS、JS，会使用 React.js 或 Vue.js 其中一种MVVM框架
5、有微服务设计开发经验或Docker使用经验者优先
6、 具有较强的自我驱动性，追求做事效率，敢于尝试新的技术
                            
深圳银盛金融集团"
Python,500彩票网,18000-30000元,深圳,3-5年,本科,"1.	精通C++/python/Java中的至少一门语言，并有3年以上该语言的开发经验；
2.	熟悉多进程、多线程、协程，熟悉常见的网络编程模型；
3.	熟悉Socket网络编程及Linux开发环境，有分布式系统和高并发开发经验者优先；
4.	熟悉常用的加密算法，有移动客户端服务开发经验者优先；
5.	熟练常用的SQL语句，熟悉oracle/mysql/postgresql等关系型数据库，熟悉redis/mongodb等nosql数据库；
6.	具备较好的逻辑思维能力，能独立完成功能的设计和实现；"
25923-Python高级工程师,腾讯,7000-12000元,深圳,3-5年,本科,"岗位职责：负责腾讯蓝鲸PaaS后台设计与开发；
负责腾讯游戏运维支撑相关重点SaaS后台设计与开发；
负责腾讯蓝鲸容器管理平台产品后台设计与开发。
岗位要求：计算机相关专业本科及以上学历，3年以上后台开发经验；
精通Python，3年以上Python后台开发经验，有良好的编码习惯；
精通Python服务端编程，精通网络编程；
熟悉Django/Tornado等web开发框架；
熟悉大型分布式系统设计与开发，并具备MQ、NoSQL实战经验；
熟悉Unix/Linux操作系统下的开发，部署，维护等工作；
有Google Cloud Platform、IBM Bluemix、AWS使用经验者优先；
有Cloud Foundry、ConPaaS等开源PaaS云平台开发经验者优先；
具备良好的分析解决问题能力和团队合作能力；
具有良好的学习能力，对互联网的新技术有很强的求知欲望；
有激情，热爱Python，关注用户体验。
 
特别说明：3年以上python开发经验，工资面议"
Python开发工程师,腾讯,20000-40000元,深圳,3-5年,本科,"岗位要求：
1、本科及以上学历，2年及以上后台开发、或大型运营平台开发经验
2、精通Golang或Python语言开发
3、扎实的计算机专业基础知识（数据结构 算法 操作系统 数据库 网络等）
4、有自动化、CI/CD、监控系统等开发经验者优先
5、熟悉docker、kubernetes等容器技术，有分布式系统应用和开发经验者优先
6、有开源项目、技术博客者优先
岗位职责：
1、Devops CI/CD 自动化平台开发
2、容器平台 监控平台开发
                            
大平台、成长快，技术牛人多。"
Python工程师,鼎鼎赞,12000-18000元,深圳,3-5年,本科,"1、具有1-2年爬虫开发经验，精通python，熟练使用多线程，熟悉常用的爬虫框架；
2、对数据结构和算法设计有较为深刻的理解，具有良好的沟通能力和团队合作意识;
3、熟悉正则表达式，Jsoup、XPATH，CSS选择器，能够从结构化和非机构化的数据中获取信息,了解各种Web前端技术，包括HTML／XML／JavaScript／AJAX／JSON等;
4、拥抱新技术，有很强的学习能力；
5、懂其他技术点加分。
6、有主流电商平台数据爬取经验优先"
python工程师,铁牛时代,6000-12000元,深圳,1-3年,本科,"岗位职责：
1、完成软件系统代码的实现，编写代码注释和开发文档；
2、辅助进行系统的功能定义,程序设计；
3、根据设计文档或需求说明完成代码编写，调试，测试和维护；
4、分析并解决软件开发过程中的问题；
5、协助测试工程师制定测试计划，定位发现的问题；
6、配合项目经理完成相关任务目标。
任职资格：
1、计算机或相关专业本科学历以上；
2、2年以上软件开发经验；
3、熟悉面向对象思想，精通编程，调试和相关技术；
4、熟悉应用服务器的安装、调试、配置及使用；
5、具备需求分析和系统设计能力，、以及较强的逻辑分析和独立解决问题能力；
6、能熟练阅读中文、英文技术文档；富有团队精神,责任感和沟通能力。
                            
在铁牛时代，你能获得前所未有的机会和挑战。我们尊重每个人的独特个性，致力于打造一个高度合作、沟通无碍的快速反应团队。如果你有个性、有热情、有见解又超级有趣，欢迎你来这里，因为在这里你能找到同类。
诚邀优秀人士和我们一起努力打拼，实现自我成就，并享受成功带来的财富和快乐！"
Python工程师,荔枝微课,10000-15000元,深圳,1-3年,本科,"工作职责：
1、负责服务端的后台架构的优化、设计与开发；
2、根据产品需求，制定解决方案；
3、负责现有系统的性能调优等的设计与实现；
任职要求：
1、本科以上学历， 计算机或相关专业；
2、基础扎实，熟练掌握Python，2年以上开发经验；
3、熟悉 Linux 开发环境，熟悉 tornado 、django 或 flask 等框架。
4、思路清晰，优秀的分析和解决问题的能力, 具备良好的沟通能力，团队合作意识, 能主动承担，乐于分享；
5、熟悉移动互联网服务及应用开发者优先；
6、熟悉MySQL、MongoDB、Redis数据库和多线程编程；
加分项:
1. 有过高并发服务器设计和架构经验，系统调优相关经验；
2. 简历中最好能提供个人博客地址和 Github 地址。"
Python开发（AI）,绿米,15000-30000元,深圳,1-3年,硕士,"工作职责：
1. 负责服务器端软件的研发工作，包括服务器端需求沟通，架构设计，核心技术研发，线上服务维护等；
2. 负责AI算法和模型具体在应用和产品中的落地工程；
3. 学习和研究新技术以满足产品的需求；
4. 负责软件开发过程中的问题分析和总结，提供建议帮助改善研发流程；
5. 和产品/测试/运营进行密切沟通，能够根据需求提出合理技术方案；
岗位职责：
1．全日制本科以上学历，计算机相关专业，2年以上工作经验
2．熟练使用Python，有良好的代码规范；
3．熟练使用MySQL、MongoDB、Redis；
4．对软件工程和编程技术有较深理解，具备服务器端开发经验，熟悉网络协议和网络开发，具备全栈开发经验者优先；
5. 有hadoop，hbase，spark，mapreduce等大数据工具使用经验优先；
6. 熟悉机器学习算法及具备实践经验者优先；
7. 熟悉Web前端开发者优先；
8. 强烈的责任心与主动性，对所负责工作有owner意识，并能自我驱动成长；
9. 具有强烈的团队协作意识，高度的责任感，对工作积极严谨，逻辑思维能力强，有较强学习和创新能力。
                            
首批小米生态链；
美籍华人创立；
团队人员300+；
B+轮数千万美金已完成；
工程师文化 ；
扁平管理，为目标服务；
智能家居领域产品服务位居行业前列；"
Python后端开发工程师,客路旅行,20000-40000元,深圳,3-5年,本科,"【岗位职责】
1、参与KLOOK Affiliate业务线的后端研发工作
2、负责管理自身项目和需求的优先级、按时高质量交付
3、与产品经理沟通需求，进行相关的技术文档编写，方案设计
4、运用模块化、分层等系统设计思想进行开发工作，对自身所负责的线上服务进行监控和性能调优
5、学习研究业界先进技术，保持技术进步
【任职资格】
1、熟练掌握Python/Java/Go等编程语言，具有扎实的计算机基础和编程能力，熟悉常见的算法与数据结构, 熟练掌握网络编程, Http协议, 能够解决常见的网络编程问题, 熟练掌握MySQL数据库
2、熟练掌握常见的Linux服务器配置, 比如Nginx, Mysql,熟悉RESTful API设计，有过互联网业务系统或相关技术产品开发经验
3、有较强的工作责任心和良好的沟通协调能力，能够快速定位问题并解决问题
4、开源贡献者优先，GitHub源码者优先，技术博客者优先
                            
【KLOOK客路团队】
- 于2014年成立于香港，在香港（总部）、深圳（全球技术研发中心）、台北、新加坡、首尔、曼谷、吉隆坡、东京、马尼拉、胡志明市、雅加达、迪拜、孟买、宿务及阿姆斯特丹等地设有20个当地办公室；
- 国际化团队，超过1000名团队成员，来自超过25个国家及地区；
- 支持30余种货币交易及8种语言。"
Python 开发工程师,四维智联,15000-25000元,深圳,3-5年,本科,"岗位职责：
	1、搭建算法相关自动化测试平台、参与数据处理等工具的开发和维护；
	2、运用Python做数据挖掘分析；
	3、常规数据处理（清洗、抽取、文本处理、数据库对接），爬虫平台优化维护；
	4、技术预研、探索并应用大数据、AI人工智能等前沿技术；
	岗位要求:
	1、本科及以上学历，3年以上开发经验；
	2、精通Python，掌握多进程、多线程编程及进程间通信；
	3、熟悉mysql数据库，熟悉Redis、Mongodb、ElasticSearch 等常用NoSql数据库；
	4、熟悉常用消息队列服务，有RabbitMQ、Kafka等相关使用经验优先；
	5、熟悉Pandas，Scikit-learn, TensorFlow或Keras, 有机器学习编程经验者优先；
	6、熟悉大数据技术（Hadoop/Spark等），熟悉NLP或AI人工智能算法优先；
	7、具有高度的责任感，工作积极主动、较强的逻辑思维能力、善于总结，有规范化文档编写良好习惯；"
python开发工程师,中软国际,11000-20000元,深圳,3-5年,本科,"职责：
1.对标互联网自动化运维平台，开发包括自动化部署、监控、配置、故障自动化处理等平台，提升运维效率。
2.深入理解DevOps理念，负责Ops侧相关工具系统开发工作。
3.与运维团队合作，收集与理解需求，提供解决方案，改善运维流程；
专业技能：
1.熟练Python或JAVA或Go语言进行编程
2.熟悉Linux ，Docker，MySQL、Redis等开源系统应用。
3.具有三年以上软件开发经验。
4.良好的沟通、协调、学习、创新能力，对解决具有挑战性问题充满激情；
5.具有相关产品开发和设计经验优先"
python开发,深圳国开创新科技,9000-14000元,深圳,3-5年,本科,"岗位要求：
1.两年以上python开发经验；2.掌握至少一门web开发框架（Flask/Django/Tornado）；3.熟练使用至少一种数据库（Mysql/Influxdb/PostgreSQL/Redis/MongoD）；4.熟悉linux系统，有运维工作经验者优先
责任描述：
1.参与后台服务的设计 开发 优化等研发工作；
2.与设计及前端开发人员协同工作，保证产品的质量和开发进度
3.对产品进行持续优化"
python开发工程师,信必优Symbio,11000-17000元,深圳,经验不限,大专,"职位要求：
负责基于Python的内部工具和系统开发。
职位要求：
1、大专或以上学历，计算机相关专业毕业优先；
2、至少3年以上Python开发经验，熟悉Django、Flask等相关框架，具有分布式系统开发经验；
3、熟悉HTML、CSS、jQuery等前端技术；
4、熟悉Linux系统，及MySql/Redis/MongoDB等数据库。
5、熟悉docker等技术。
                            
Symbio信必优,是全球领先的软件产品研发、解决方案和外包服务提供商。1994年成立于美国硅谷，业务涵盖美国、欧洲、中国，公司拥有全方位的服务能力，为客户提供完整的研发即服务（RDaaS）、行业解决方案和IT外包服务。网址:www.symbio.com"
Python高级开发工程师,明源云,16000-30000元,深圳,3-5年,本科,"职位诱惑：
    技术导向，牛人多，氛围赞，扁平管理
    职位描述：
    定位：大数据组的中坚力量，中高级定位，能够独挡一面，独立完成开发任务，对技术有追求，渴望突破和创新。团队技术氛围好，牛人多，定期组织技术交流和分享，个人成长空间大。
     
    一、岗位职责：
    1、加入专注、极致、快速发展的团队，通过数据驱动的方式来赋能和驱动行业发展；
    2、负责公司战略级大数据平台的设计与开发：高可用性&高度自定义&流程化&可视化敏捷BI平台；
    3、技术预研、探索并应用大数据、人工智能等前沿技术。
     
    二、任职要求：
    1、本科以上学历，计算机相关专业，三年以上Python开发经验；
    2、热爱编码, 对创新及解决有挑战性的问题充满激情；
    3、精通Python/R等开发语言，精通SQL和数据库原理；
    4、扎实的数据结构和算法知识，熟悉常用设计模式；
    5、具备优秀的逻辑思维能力和自驱力，有良好的沟通能力和团队协作精神。"
python爬虫工程师,快标科技,8000-12000元,深圳,1-3年,本科,"岗位要求：
1、大专及以上，2年以上年python爬虫开发经验；
2、负责内容爬取后，开发抽取规则，对精选内容进行批量抽取
3、进行数据去重和重新规整。
任职要求：
1. 2年以上python爬虫开发经验；
2. 熟悉python3.5以上版本
3. 熟悉scrapy和requests爬取数据
4. 熟悉mongodb和redis数据库操作
5. 熟悉其中一种爬虫软件(Wireshark、Charles、Fiddler 等)
6. 熟悉Xpath和正则提取目标数据
7. 基础知识扎实, 有责任心，有团队精神，积极好学，乐于探讨交流！！！
加分项:
1. 熟悉scrapy_redis, 使用于实际项目
2. 熟悉elasticsearch操作
3. 熟悉多个爬虫的管理
4. 熟悉数据清洗
5. git有自己写的代码, 可以代表自己代码水平的一个或多个项目"
Python,天驴旅游,9000-18000元,深圳,经验不限,本科,"1.区块链技术
2.数字虚拟货币在行业的应用
3.区块链技术在旅游行业的应用"
教学老师/Python讲师,小码教育,9000-15000元,深圳,1年以内,大专,"岗位职责：
1.    主要负责讲授青少年编程课程；
2.    按照公司制定的教学计划，高质量完成教学任务；
3.    负责班级日常管理和维护工作；
4.    负责学生辅导和教学答疑等工作；
5.    参与优化和创新教学课程体系；
6.    配合其他部门完成相关工作。
   
 任职要求：
1.    本科计算机相关专业（接受后期培训转行的你，但是希望你能诚实的介绍自己）；
2.    具备独立工作能力和学习能力；
3.    形象佳，亲和力强，有较强的沟通表达能力（因为是教小朋友，所以有这样的要求 并不是外貌协会哦 望谅解）；
4.    耐心，吃苦耐劳，责任心强，有团队协作能力；
5.    有教育培训行业经验者或者相关教师资格证书者优先。
                            
严谨稳重的70后蜀黍；
80后轻熟女、伪高帅； 
浪荡OPEN的90后男神女神；   
三代同堂  
能正儿八经的
谈梦想、玩技术、拼逼格"
Python架构师,睿云智合,25000-40000元,深圳,5-10年,本科,"1. 技术控，热爱代码，对新兴技术有强烈兴趣
2. 精通 Python, Go等语言，Linux 操作系统，深刻理解容器原理，熟练使用kubernetes
3. 熟悉CI/CD相关工具和流程，熟练使用Jenkins等自动构架框架。熟悉和了解自动化运维相关工具，包括Ansible, Puppet，Chef等
4. 有OpenStack, 云平台设计和开发经验者优先
                            
- 国内最早基于Kubernetes进行产品开发、交付的容器团队
- 全球第一批通过CNCF的K8s产品认证、服务伙伴认证
- 国内最早交付金融行业在生产环境落地的容器云项目"
Python后端工程师,某某科技,10000-15000元,深圳,1-3年,大专,"职责：
- 负责Web后端/服务的开发与维护工作
要求：
- 熟练使用至少一种编程语言。
- 熟练使用关系型数据库的增删改查。
- 熟悉 Restful API 与后端常用模式。
- 具有基本的算法与数据结构知识。
- 熟悉一种函数式编程语言更佳。"
Python 高级工程师,领脉,25000-35000元,深圳,5-10年,本科,"Python 高级工程师
岗位职责：
1、负责开放平台的设计、开发与维护； 
2、服务端相关组件开发； 
3、负责数据库优化和数据模型的设计； 
4、内部系统开发。
5、独立分析、评估并解决问题，能够在较短时间内寻求最优解决方案。
任职资格： 
1.扎实的计算机基础与优秀的编程能力，至少五年相关工作经验； 
2.精通python语言，熟悉MVC架构与REST API，掌握至少一门python web框架，如Django等，至少一年以上python使用经验； 
3.掌握HTTP协议，熟练掌握MySQL，有MySQL数据应用开发经验； 
4.掌握至少一门NoSQL，如MongoDB， Redis等； 
5.了解HTML, Javascript 等 Web 前端技术 
6.熟悉Linux操作系统，熟练使用Linux Shell。
福利：
1、有竞争力的工资和年终奖金，股权激励；
2、免费员工宿舍，解决您住宿的烦恼；
3、免费工作午餐；丰富多样的下午茶点；
4、入职即买五险一金；
5、带薪年休假； 
6、5天弹性工作制；
7、硅谷行业大咖接触、沟通和成长机会。
                            
领脉科技的几位硅谷创始人在电子商务、数字广告、大数据和大规模系统有着资深的行业经验，加之公司产品和服务运用各项领先科技，在领脉科技工作，你将拥有零距离与行业大牛接触、沟通，以及探索新科技、新工具的学习和成长机会。
公司技术团队由美国硅谷+深圳技术团队组成。"
python开发工程师,软通动力,11000-22000元,深圳,3-5年,本科,"1.熟练使用 Django、Flask 等 Web 框架，能够利用 DjangoRestFramework 快速实现 Web API
2.熟悉 celery 等异步任务处理机制。
3.掌握分布式文件存储系统 FastDFS 架构的搭建及使用。
4.熟悉 Docker 的基本操作，了解 Docker 的容器技术，能够利用 Docker 进行一致性开发及快速部署。"
python后端开发工程师,ICGOO,9000-17000元,深圳,1-3年,本科,"本科学历，软件工程, 计算机科学与技术及相关专业, 2年以上开发经验；
熟练应用linux操作系统，能够在服务器端进行代码部署与调整;
有过编写Web应用的经验，熟练使用一种Web框架;
精通python编程技术,熟悉MongoDB MySQL 数据库,熟悉docker，redis，nginx等，对技术工作充满热情;
具备良好的编码习惯，熟悉git等代码管理工具；
熟练掌握数据结构和基本算法；
具备阅读英文文档并解决工作中遇到的问题的能力
有大数据分析处理、人工智能、机器学习相关项目经验或背景优先;
具备微信小程序开发经验者优先。
                            
都是年轻人，90后居多，是朝气蓬勃的团队。
我们公司有120多人。 是电子元件垂直电商。行业内的佼佼者。
我们这里保证双休，每年有一周带薪休假！
这里是扁平化管理，条条框框少，氛围融洽， 鼓励尝试新技术。
在我们这里，不会某个技术不是问题， 鼓励学习，学以致用！"
Python 开发工程师,绿米,12000-24000元,深圳,1-3年,本科,"工作职责：
1. 负责服务器端软件的研发工作，包括服务器端需求沟通，架构设计，核心技术研发，线上服务维护等；
2. 学习和研究新技术以满足产品的需求；
3. 负责软件开发过程中的问题分析和总结，提供建议帮助改善研发流程；
4. 和产品/测试/运营进行密切沟通，能够根据需求提出合理技术方案；
岗位职责：
1．全日制本科以上学历（985或211），计算机相关专业，2年以上工作经验；
2．熟练使用Python，有良好的代码规范；
3．熟练使用MySQL、MongoDB、Redis；
4．对软件工程和编程技术有较深理解，具备服务器端开发经验，熟悉网络协议和网络开发，具备全栈开发经验者优先；
5.  有hadoop，hbase，spark，mapreduce等大数据工具使用经验优先；
6.  熟悉机器学习算法及具备实践经验者优先；
7.  熟悉Web前端开发者优先；
8.  强烈的责任心与主动性，对所负责工作有owner意识，并能自我驱动成长；
9.  具有强烈的团队协作意识，高度的责任感，对工作积极严谨，逻辑思维能力强，有较强学习和创新能力。
                            
绿米AI团队，致力于将人工智能技术与物联网技术相结合，为用户打造真正的智慧生活。
团队技术方向包括计算机视觉、自然语言理解、强化学习、机器学习、数据挖掘等。
团队成员由国内外知名院校博士和硕士毕业生组成，具备很强的研究和研发力量。
诚邀有志于运用人工智能技术改善人们生活的您加入！"
Python工程师,云沃客,8000-13000元,深圳,1-3年,本科,"1、本科及以上学历，2年以上python相关经验； 
2、有独立开发经验，有扎实的编程功底、良好的编程习惯。 3、工作耐心，善于学习，有证券相关经验的优先； 
4、特别匹配的大专也考虑；"
Python工程师,致远速联,8000-13000元,深圳,1-3年,本科,"岗位职责：
1.负责模块的开发实现；
2.负责数据的挖掘和分析。
任职条件：
1.统计学、应用数学、计算机等相关专业，本科及以上学历；
2.2年及以上相关工作经验；
3.熟练Python，掌握numpy、pandas、sklearn等第三方库；
4.熟练掌握多种统计和挖掘方法；
5.具有数据抓取经验，熟悉Linux开发，能写shell者优先；
6.具有较强的数据敏感度，逻辑分析能力和文档写作能力；
7.处理过证券行业数据者优先。"
python爬虫挖掘,雷特科技,11000-22000元,深圳,3-5年,大专,"岗位职责：
1、负责公司爬虫爬虫系统，进行电商或社交平台等平台信息的抓取和分析；
2.设计爬虫策略和防屏蔽规则，提升网页抓取的效率和质量；
3.能独立解决实际开发过程碰到的各类问题。
4.协助数据分析师，完成数据清洗、评估以及可视化。
岗位要求：
1、3年爬虫开发经验，优秀者可放宽条件，
2、精通python、java等编程语言；
3、熟练使用爬虫框架；
4、构建过分布式爬虫系统者优先；
5、有电商行业工作经验优先。
我们的福利
1、年轻化的团队，人性化得管理；
2、社保+下午茶+每月生日会+全勤奖+每月定期员工旅游+聚餐+拓展必须有。
3、超长年假，让你可以在工作闲暇之余有空环游世界；
4、享受国家法定节假日假期、节假日福利，带薪病假，让员工安安心心工作和生活；
5、公司提供舒适的办公环境，职场氛围活泼，沟通无阻，尊重人才。
6、地理位置方便，离清湖地铁口步行只需5-8分钟，公交站步行只需5分钟。
7、这里没有等级森严的冰冷氛围和勾心斗角惨烈厮杀，这里只有一群闹腾、充满激情、会玩的80、90后。
                            
我们是一个充满活力又不断创新的团队，我们知道年轻人需要什么，这里工作氛围轻松，同事之间互助友爱，小组工作制，boss极大授权，除了良好的办公环境和生活设施，还有生日会、团建拓展、下午茶，聚餐，超长假期等你来，雷特希望每一位员工都能快乐的工作，快速的成长，与公司共同迈向成功。"
Python,IMUST自行车,6000-12000元,深圳,1-3年,本科,网站的开发和维护
Python开发工程师,云鲸智能,13000-26000元,深圳,3-5年,本科,"招聘职位  高级Python后台开发工程师
需求部门  应用软件部
招聘数量  2
薪资  15-30k
工作职责  
1. 负责公司网站的WEB后端框架层及业务层的实现
2. 负责公司应用设计、功能实现并进行测试，部署及维护
3. 负责搭建和持续改进数据服务平台的后端平台
任职要求  
1. 计算机或相关专业211，985学习毕业，本科及以上学历，有扎实的计算机基础知识
2. 三年以上服务器端开发经验，熟悉Linux环境下的开发
3. 熟悉Python语言，熟练掌握Django、Web.py、Tornado、Flask等至少1个Web开发框架，熟悉Tornado框架
4. 熟练使用Socket技术
5. 动手搭建过实际上线的产品环境，如Apache,Nginx
6. 熟悉多线程编程
7. 熟悉SQL语言，熟悉MySQL或者Oracle，有Redis、Memcached经验者优先
8. 了解分布式、微服务、高性能Web服务的开发
9. 有一定的系统架构设计能力者优先
10. 有运维经验优先
11. 有过完整的项目开发经验，并有在运行项目的优先"
Python高级后端开发工程师,客路旅行,30000-60000元,深圳,5-10年,本科,"【岗位职责】
1、参与KLOOK Affiliate业务线的后端研发工作
2、负责管理自身项目和需求的优先级、按时高质量交付
3、与产品经理沟通需求，进行相关的技术文档编写，方案设计
4、运用模块化、分层等系统设计思想进行开发工作，对自身所负责的线上服务进行监控和性能调优
5、学习研究业界先进技术，保持技术进步
【任职资格】
1、熟练掌握Python/Java/Go等编程语言，具有扎实的计算机基础和编程能力，熟悉常见的算法与数据结构, 熟练掌握网络编程, Http协议, 能够解决常见的网络编程问题, 熟练掌握MySQL数据库
2、熟练掌握常见的Linux服务器配置, 比如Nginx, Mysql,熟悉RESTful API设计，有过互联网业务系统或相关技术产品开发经验
3、有较强的工作责任心和良好的沟通协调能力，能够快速定位问题并解决问题
4、开源贡献者优先，GitHub源码者优先，技术博客者优先
                            
【KLOOK客路团队】
- 于2014年成立于香港，在香港（总部）、深圳（全球技术研发中心）、台北、新加坡、首尔、曼谷、吉隆坡、东京、马尼拉、胡志明市、雅加达、迪拜、孟买、宿务及阿姆斯特丹等地设有20个当地办公室；
- 国际化团队，超过1000名团队成员，来自超过25个国家及地区；
- 支持30余种货币交易及8种语言。"
python开发,小赢科技,15000-30000元,深圳,3-5年,本科,"【岗位职责】
负责公司devops研发协作平台开发，整合包括自动化测试，环境管理，CI/CD等。
【任职资格】
1、本科及以上学历；
2、具备3年以上开发/测试开发经验，精通Python开发；
3、熟悉容器化技术，docker&k8s等工具应用；
4、了解java/php/C++编程语言优先
5、熟悉使用LINUX/UNIX、精通MySql数据库操作；
6、精通网络编程和相关的TCP/IP网络协议；
7、程序设计思路清晰、有较好的系统设计能力；
8、熟练掌握软件工程理论、良好的沟通合作和抗压能力。"
Python后台架构师,小步网络,20000-40000元,深圳,5-10年,本科,"职位诱惑：
海外项目,发展空间大,环境宽松,大牛多
岗位职责：
1. 负责公司产品后台服务的搭建和编码实现；
2. 负责公司后台性能优化，与产品协作提升产品数据；
3. 高级工程师带领团队完成工作，并负责技术攻关. 技术分享；   
岗位要求：
1.拥有5年以上开发经验，有使用python框架开发Restful API的经验，例如 flask/django/tornado；
2.有互联网公司后台服务的开发经验，掌握数据库(MySQL). 网络编程等方面的工作原理；
3.有良好的算法和数据结构基础，及很强的自学能力；
4.善于思考，能提出高质量的问题，系统性地分析并从根源上解决问题；
5.沟通能力良好，善于团队合作。
                            
小步网络2016年5月属较早出海东南亚市场的，抢占先机，目前主力头条资讯类APP一千多万用户，日活近两百万，列越南资讯类APP的TOP1，2019年将拓展东南亚其他国家市场，同时也围绕主力APP发展创新产品矩阵，如头条号（自媒体平台，已拿到越南大部分媒体牌照的版权授权）、二次元（类抖音）、小说漫画、互金等，均成绩不菲"
Python爬虫工程师,一面数据,11000-18000元,深圳,经验不限,本科,"【职位诱惑】：
大数据人工智能；清华系大牛；技术氛围浓
【职位描述】：
-  负责抓取电商、社交、新闻媒体、论坛类的数据；
-  监控抓取数据的完整性；
-  参与爬虫框架的开发。
【职位要求】：
-  本科及以上学历；
-  熟悉Linux下的Python开发；
-  熟悉常用数据库，包括MySQL 、Redis、MongoDB等；
-  熟悉Web开发技术、尤其是前端技术，有实际Web开发经验者优先；
-  熟悉爬虫开发，了解常用爬虫框架如Scrapy、Requests、XPath等, 了解常见的反爬手段及其应对措施；
-  计算机相关专业优先；
-  熟悉Node.js 或者Java等其它语言者优先。
【公司福利】：
-  有竞争力的薪酬：工资、一年两次调薪机会、五险一金、年终奖、节假日福利、生日礼物等。既有情怀，又有“钱”途；
-  合理的工作时间：我们有弹性工作时间制度，并追求使用技术去高效解决问题，不提倡加班；
-  团队活动：YiMBA系列课程、每周的篮球和羽毛球运动，每周分享会，每月聚餐、生日会等。我们是一个有凝聚力的团队；
-  年度体检：豪华体检，健康强壮的身体是工作的基础；
-  零食饮料：不间断的供应丰富优质的零食饮料；
-  年度旅游：去年第一次出国旅行，随着团队的壮大，以后能去得更远；
-  舒适的工作环境：我们有一个漂亮的办公室，开放式的设计和十分开阔壮观的窗景
                            
我们是一个年轻的数据科学团队，希望通过技术改变商业世界，实现数据驱动的精细化研究、运营与决策。我们的产品正在持续服务国内外顶尖的企业，包括多家大型快消企业，时尚大牌，国际一线汽车厂商，以及著名对冲基金。我们获得了来自著名投资机构的三轮投资，资金充足，快来加入我们跟着一面的发展快速成长吧^,<"
Python爬虫开发工程师,图拉斯,13000-20000元,深圳,3-5年,本科,"岗位职能：
1、设计、实现Saas系统的数据爬虫系统；
2、负责完成项目中的数据分析、挖掘相关工作；
3、 负责AI技术的应用；
任职要求：
1、统招本科及以上学历，计算机、统计、数学、通信等理工类相关专业，3年以上工作经验；
2、熟悉linux平台开发，熟练掌握Python开发语言；
3、有实际爬虫、网页分析、死链检测系统设计经验，能有效利用技术手段解决实际业务需求；
4、 熟悉Linux、数据库、NoSQL、分布式存储，熟悉高并发、微服务、海量数据下的典型架构设计和性能优化之道；
5、 熟悉微服务框架，docker容器技术者优先;
6、有知识图谱，elasticsearch、hadoop、spark相关经验者优先；
                            
富有朝气的团队，公司年轻化"
Python工程师,前海农交所,15000-30000元,深圳,1-3年,大专,"工作职责
1. 网站系统的维护、改进，以及新产品的开发；
2. 大型互联网web项目的设计、开发、优化。
 
职位要求
1. 熟悉python, 熟悉mysql，有足够的互联网项目开发意识；
2. 熟悉linux, 熟悉git版本管理;
3. 各种分布式实现、中间件、数据挖掘、排序算法、搜索、运维...如果你有这些方面的经验和能力，千万不要忽略掉；
4. 有强烈的上进心和求知欲，善于学习和运用新知识, 保持对新技术的热情；
                            
有一支牛逼，有情怀的年轻团队"
Python运营开发工程师,腾讯,20000-40000元,深圳,5-10年,本科,"岗位职责：   
 负责腾讯游戏内部运营系统开发;
 负责腾讯手游电竞自动化系统开发
 负责系统架构设计以及组件选型;
 负责关键技术研究，工具优化
岗位要求：   
计算机相关专业本科及以上学历，3年以上后台Python开发经验；
 熟悉Python、Django等web开发框架；有自动化经验优先，如Uiautomator、Appium等
 熟悉web开发，熟悉html,javascript,css等，有Web开发框架(如boostrap,vue,react等)经验优先
 熟悉大型分布式系统设计与开发，并具备MQ、NoSQL实战经验；
 熟悉Unix/Linux操作系统下的开发，部署，维护等工作；具备良好的分析解决问题能力和团队合作能力；
 具有良好的学习能力，对互联网的新技术有很强的求知欲望；"
Python数据工程师,致远速联,10000-15000元,深圳,1-3年,本科,"1.负责模块的开发实现;
2.负责数据的挖掘和分析。
任职要求：
1.统计学、应用数学、计算机等相关专业，本科及以上学历；
2.2年及以上相关工作经验
3.熟练Python，掌握numpy、pandas、sklearn等第三方库；
4.熟练掌握多种统计和挖掘方法；
5.具有数据抓取经验、熟悉Linux开发，能写shell者优先；
6.具有较强的数据敏感度，逻辑分析能力和文档写作能力；
7.处理过证券行业数据者优先。"
Python 后台开发经理,AfterShip,30000-50000元,深圳,5-10年,本科,"if (your_passions.includes('coding')) {
  switch(your_stacks) {
    case 'Node.js':
    case 'Python':
    case 'Kubernetes':
    case 'Serverless':
      console.log('Join AfterShip');
      break;
    }
}
岗位职责
1、负责技术方案的评审，技术架构的设计、优化、重构，对系统的稳定性负责；
2、负责团队建设与管理工作，组建和培养人才梯队，提升团队技术水平；
3、定期组织对内对外的技术培训、分享活动，提升团队技术氛围和企业品牌形象。
岗位要求
1、统招本科及以上学历，英语听说读写熟练；
2、熟悉 Git/GitHub，通信协议 TCP/HTTP 及 RESTful 标准；
3、五年及以上 Python 开发工作经验，一年及以上团队管理经验；
4、熟悉 Tornado、Django 或 Flask 开发框架，有 MySQL,  Redis 或 MongoDB 等相关数据库使用经验。
加分项
1、有 CI/CD 自动化测试经验；
2、有使用 Docker、Kubernetes、AWS 或 GCP 云计算经验；
3、有写 Blog 的习惯，活跃技术社区，参与开源项目等；
4、有代码洁癖，对代码精益求精，对技术有极客热情。
为什么加入我们
1、极客氛围: 拥抱开源技术，实践敏捷开发；
2、最新技术: Kubernetes, Serverless, TensorFlow, Microservice；
3、特色福利: 每天下午茶，学习成长基金, 提供 MacBook Pro；
4、多元文化: 团队来自全球十几个国家；
5、龙头企业: 海外知名企业，细分领域第一；
6、朝阳行业: B2B 企业级系统，国际性 SaaS 平台。"
后端工程师 java c python都要,今日头条,15000-30000元,深圳,应届生,本科,"字节跳动2019春季招聘开始啦！1000+校招Offer&1000+实习Offer等你来拿！ 
今日头条、抖音、Faceu、西瓜、火山……是否会有几个在你的手机中陪伴你？如果你喜欢它们，那么好消息来好消息！这些App的“原产地”——字节跳动，开始2019春季招聘啦！
  
暑期实习：次年毕业生（2020.1.1-2020.12.31毕业的学生）  
全职春招：应届毕业生（ 2018.8.1-2019.12.31毕业的学生） 
  
职位类别：研发、产品、职能、运营、设计、市场、商业化、内容质量等 
工作地点：北京、上海、深圳、成都、南京、广州、武汉、厦门、杭州等 
内推码： ZXCDJEG
内推链接：https://job.toutiao.com/mobile/campus/invite/ZXCDJEG/
有笔试的职位，免简历筛选，直接进入笔试； 
无笔试的职位，简历优先筛选。"
后端工程师（python/C++）,逻辑汇,12000-24000元,深圳,经验不限,本科,"职位介绍：
- 在一个精英组成的扁平管理的小型团队中负责开发云端、网络和后端程序
- 在技术负责人指导下，迅速学习并实现数据库构建、算法实现、网络安全等工程开发工作
- 理解、实现、并改进简单的机器学习算法
- 解决产品开发过程中出现的各种有挑战的非标准问题
基本要求：
- 全日制本科学位或以上，理工类专业。除全国重点高校外，要求本科成绩处于年级前10%。
- 熟练使用Python，理解Python语言构建原理。
- 熟练使用C、C++和Java中的至少一个。
- 熟悉Linux的命令行和bash，能高效地在Linux环境下工作。
- 深刻理解计算机专业本科范围的算法和数据结构知识。
- 英语大学六级以上或同等英语水平。
- 勤学好问，善于沟通，逻辑分析能力突出。
- 27岁以下。
加分项：
- 本科成绩优异，以成绩单为准。
- 数学优异或逻辑分析能力突出。
- 英语写作和口语能力突出。
- 独立开发过项目。如有合作需解释清楚自己的贡献。
- 向知名开源软件工程贡献过代码。
- 代码洁癖。
- 独立组装过电脑或搭建集群。
- 了解常见的数据库技术（如MySQL, Postgres, Cassandra等）。
- 深度掌握Linux内核的工作原理（如demand paging, address space, TLB, cache, scheduler, context switch, DMA, device driver, bootstrap, initfs, ELF等）。
- 熟练掌握至少一种常见Linux发行版本的用法。
- 熟练掌握git，熟悉github。
- 熟悉Linux网络架构并懂得如何调试（如OSI network layer model, BSD/Linux socket, ARP, IP, TCP/UDP, wireshark/tcpdump, lsof -i）。
- 了解加密算法和网络安全的基本概念。
- 了解汇编语言，善于优化C和C++代码性能。
- 熟悉常见构建系统，如Makefile、maven等。
公司介绍：
深圳逻辑汇科技有限公司（逻辑汇）是以产品为立足点、以技术为核心竞争力、以完美的用户体验为追求、以扁平化管理为理念、以自由创新为公司文化的初创型金融科技公司。逻辑汇致力于为全世界的金融分析师和个人投资者提供最智能最友好的投资研究平台，让所有聪明人从繁杂的机械劳动中解放出来，让艰深的金融知识变得触手可得。逻辑汇的团队由计算机、物理、数学和金融领域的顶级学霸组成，顾问团队包括数名香港及国内金融界资深人士以及人工智能前沿学者。逻辑汇得到了来自全球创新者大会的风险投资。逻辑汇将重塑金融研究模式，让金融研究变得不再高大上，让交易更加公平，让金融市场能够更加有效地配置资源。
                            
顶级学霸构成的顶级团队"
python开发工程师,回收宝,15000-30000元,深圳,5-10年,本科,"作职责：
1、参与产品的需求分析，服务接口设计；
2、参与产品核心模块的编码和单元测试；
3、负责服务器数据API接口开发，对服务器端和数据库性能进行优化；
4、负责主导历史服务优化，问题定位。
5、负责公司日常临时任务
岗位要求：
1、本科及以上学历，计算机、软件工程及相关专业；
2、5年以上python开发经验和互联网行业开发经验；
3、具备OOP编程思想，精通面向对象的程序设计；
4、具备较强的业务分析能力；
5、精通Python，熟练使用django框架；
6、熟悉Http协议，Tcp/ip协议；
7、具备接口设计和开发经验；
8、熟练掌握linux命令、mysql、redis、nginx；
9、具备良好的代码编写规范，问题定位分析及较强的责任心"
Python实习生,荔枝微课,5000-7000元,深圳,应届生,本科,"工作内容：
1、参与公司相关项目的设计、开发和优化
岗位要求：
1、本科或以上学历，对后端开发抱有兴趣
2、熟悉python语言，对主流web框架有所了解，如django，tornado，flask等
3、熟悉linux系统，对基本指令有所了解
4、有扎实的计算机相关基础，对数据结构，算法有一定程度的认识
5、对计算机网络，TCP/IP，HTTP协议有一定的了解
6、有良好的沟通，学习能力，逻辑思维活跃，工作勤奋踏实
加分项:
1、有个人技术博客
2、对nodejs以及koa，express有所了解有先
3、热爱运动
                            
我们相信，好玩的团队才会创造出好的产品。这里有隐秘的行业大神、技能满满的斜杠青年、爱吃爱玩的高颜值队友；这里有轻松自由的工作氛围、惊喜不断的员工福利、无限可能的成长空间……"
高级python工程师,Navpeak,30000-35000元,深圳,3-5年,本科,"企业内部系统研发（运维平台系统）
岗位职责：
1、负责内部平台系统设计和开发；
2、能够根据项目的实际需要，进行技术方案的分析、选型； 
3、发现和解决系统开发中存在的技术问题，解决关键的技术难题；
任职资格：
1. 计算机相关专业；
2. 掌握python语言，熟悉Django开发框架，有使用python+django开发过真实项目；
3. 了解python协程、多进程和异步；
4、使用过django-rest-framework框架编写 RESTful API；
5、具有OOP设计思想，良好的编码规范和团队协作能力。"
Python软件开发工程师,深信服科技,12000-22000元,深圳,1-3年,本科,"岗位职责 
1、 负责公司云端互联网产品的开发，包括项目框架搭建、前后端功能实现等；
2、 优化产品性能，提高系统稳定性，优化产品体验。
岗位要求
1、 本科及以上学历，1年以上的Python开发经验；
2、 熟悉Python语言，掌握函数式和面向对象编程，能够编写模块化、可重用、易维护的代码；
3、 掌握Nginx + Django Web开发；
4、 熟悉Linux开发环境，掌握基本Shell命令，熟悉Linux C/C++开发优先。
                            
平台大,发展快,待遇好,福利棒"
Python,凯弦欣能科技,30000-31000元,深圳,3-5年,本科,"1.熟悉Python
2.做过数据分析"
Python软件工程师,天马资产,20000-30000元,深圳,3-5年,本科,"岗位职责：
1.负责交易平台策略系统的开发
2.负责回测系统和研究平台的开发
岗位要求
1. 本科及以上学历，三年及以上工作经验,至少2年Python项目经验。
2. 要求精通Python、熟悉C/C++, 能够深入理解任一Python框架。
3. 有股票或者金融衍生品交易经验；
4. 熟悉数据库mysql,sqlserver
加分项:
熟悉SPARK+CDH大数据计算的机器学习框架，并有项目经验
熟悉c++,有项目开发经验
熟悉linux系统
了解金融知识，在金融相关企业开发经验
熟悉mysql,sqlserver数据库优化"
Python全栈工程师,德里克设备,30000-50000元,深圳,5-10年,本科,"职责描述： 
1、负责平台服务的开发维护工作；
2、具备较好的学习能力、问题分析能力，可以独立定位解决问题；
3、善于思考，能自主提出改善产品方案。
任职要求：
1、211/985统招本科及以上学历，计算机相关专业，8年以上项目开发经验；
2、熟悉 Python，熟练使用 Python 常用模块和第三方模块、框架等；
3、熟悉 linux 基本指令使用，能编写简单 shell 脚本，能独立安装部署基础服务，如：sshd，nginx，rabbitmq等；
4、熟练使用 Web 前端开发中任意一种常用框架如：jQuery、Ext.js、Angular.js、Vue.js、React.js 等；
5、熟练使用版本管理系统 git 或 svn；
6、熟悉 Redis，MySQL/PostgreSQL，MongoDB/ElasticSearch，RabbitMQ/Kafka 中的多个服务；
7、了解 Django 或 Flask 框架，能独立开发 RESTful API 服务；
8、有 Docker，gitlab，Jenkins 等使用经验，了解 IOT 物联网行业者优先。"
云平台运维开发（python),平安科技,15000-28000元,深圳,3-5年,本科,"1.      平安云智能运维平台开发建设
2.      具体运维需求分析和实现
3.      持续优化平台能力，提升运维效率，保障运维质量
任职资格 :
1.      3年以上运维开发经验
2.      熟悉Python语言特性，熟悉django、sqlalchemy、celery的使用
3.      熟悉Ansible/SaltStack等工具
4.      熟悉redis, RabbitMQ等中间件的使用
4.      熟悉MySQL/PostgreSQL数据库
5.      熟悉Linux操作系统、TCP/IP
6.     统招本科及以上学历，计算机相关专业（985/211院校优先）
                            
平安科技hr。
简历请发*****。
云平台、大数据、人工智能、智慧城市、智能医疗等业务都有，欢迎各大人才前来了解。"
Python开发工程师,雁联技术,10000-15000元,深圳,3-5年,本科,"岗位职责：
1、参与机器人上显示屏的用户交互功能的设计讨论，并根据需求文档进行机器人交互的后台开发
2、负责机器人后台监控与管理系统的后台开发
3、负责机器人相关的业务系统的后台开发
4、根据产品需求文档，快速完成后台开发任务
任职资格：
1、 计算机、电子、自动化等相关专业，2年以上工作经验；
2、掌握一种或以上的后台开发框架，熟悉python下的django开发优先
3、熟悉mysql与mongodb数据库
4、具有良好的代码编写习惯"
算法工程师（Python）,逻辑汇,18000-26000元,深圳,1-3年,本科,"职位介绍：
- 在一个精英团队中负责复杂算法的实现
- 深入理解并快速实现复杂的算法
- 在技术负责人的指导下，改进机器学习算法
- 解决产品开发过程中出现的各种有挑战的非标准问题
基本要求：
- 全日制重点本科学位或以上，理工类专业，本科成绩处于年级前10%。
- 数学基本功扎实，逻辑分析能力突出。
- 能用Python实现较为复杂的算法问题。
- 具有在多人协作的复杂工程项目中高标准编写Python程序的经验，掌握python的高级功能。
- 深刻理解并熟练运用基础算法和数据结构知识（计算机专业本科范围内）。
- 熟练掌握git，熟悉基于github的代码审阅合并流程。
- 英语大学六级以上或同等英语水平，具有深入阅读英文文献的能力。
- 勤学好问，善于沟通，抗压能力强。
- 27岁以下优先。
加分项：
- 本科成绩优异，以成绩单为准。
- 独立开发过项目。如有合作需解释清楚自己的贡献。
- 向知名开源软件工程贡献过代码。
- 极度代码洁癖，了解诸如pylint、autopep8等自动代码清洁工具。
- 熟练掌握至少一种常见Linux发行版本（如Ubuntu，CentOS等）的使用方法。
- 使用过常见的rpc框架，如protobuf+grpc。
- 熟练使用C、C++和Java中的至少一个。
公司介绍：
深圳逻辑汇科技有限公司（逻辑汇）是以产品为立足点、以技术为核心竞争力、以完美的用户体验为追求、以扁平化管理为理念、以自由创新为公司文化的初创型金融科技公司。逻辑汇致力于为全世界的金融分析师和个人投资者提供最智能最友好的投资研究平台，让所有聪明人从繁杂的机械劳动中解放出来，让艰深的金融知识变得触手可得。逻辑汇的团队由计算机、物理、数学和金融领域的学霸组成，顾问团队包括数名香港及国内金融界资深人士以及人工智能前沿学者。逻辑汇得到了千万级的风险投资。逻辑汇将重塑金融研究模式，让金融研究变得不再高大上，让交易更加公平，让金融市场能够更加有效地配置资源。
                            
顶级学霸构成的顶级团队"
python教学讲师（宝安/福田/龙华/龙岗）,小码教育,8000-12000元,深圳,经验不限,本科,"工作地点就近安排：
地点1：深圳宝安区龙光世纪大厦A座8楼801
地点2：深圳福田区华融大厦1003
地点3：深圳龙华区光浩国际中心
地点4：深圳龙岗区龙岗中心城萃华教育城
岗位职责：
1、主要负责讲授青少年编程课程；
2、按照公司制定的教学计划，高质量完成教学任务；
3、负责班级日常管理和维护工作；
4、负责学生辅导和教学答疑等工作；
5、参与优化和创新教学课程体系；
6、配合其他部门完成相关工作。
7、python新讲师培训；
8、教学品质督查
任职要求：
1、本科及以上学历；
2、掌握python语法基础，数据结构和算法；
3、热爱教育事业，有良好的敬业心；
4、能主动与学生沟通，关心学生，并督促学生认真学习；
5、普通话标准，语言表达能力强，逻辑思维清晰，具有优秀的沟通技巧；"
python开发,云沃客,9000-14000元,深圳,1-3年,本科,"工作地点 ：
深圳市南山区威新软件园
职位描述 ：
1、本科及以上学历，2年以上python相关经验； 
2、有独立开发经验，有扎实的编程功底、良好的编程习惯。 
3、工作耐心，善于学习，有证券相关经验的优先； 
4、特别匹配的大专也考虑；
                            
云族佳是一家科技创新公司，我们是“WaaL --Work as a Life(工作即生活)”理念的倡导者，也是当今炙手可热的开发众包概念创业公司。
目前，云族佳的团队还处在一个初创的阶段，现在加入我们，你将可以有机会成为这座摩天大楼的奠基者之一，创造一套新的商业系统，改变你的工作乃至生活方式。"
python开发工程师,中软国际,11000-20000元,深圳,5-10年,本科,"岗位要求：（18、19年应届生勿扰）
1、2年以上Python底层开发经验，熟悉Python后台开发
2、统招本科及以上学历
3、性格开朗、积极主动、能吃苦耐劳
4、表达沟通能力强，有良好的团队协作精神
5、能接受适当程度的加班及出差"
python高级工程师,汇商源,15000-30000元,深圳,5-10年,大专,"需求后台大牛！大牛！大牛！5年后台经验起步！
从事带队做过线上商城APP者优先！
待遇从优！可分期股！期权！
如果你认为你是大牛请联系我！
初级中级暂时不需要！
岗位描述：
1．参与高并发的后台服务系统的需求整理和开发工作
2．负责系统性能优化和改进
3．运用在分布式系统，构建能够满足产品需求的平台，系统及网络基础结构
4. 完成功能模块的设计、开发、测试、文档编写等工作
岗位要求：
1.熟练掌握Python语言
2.熟悉Python Web框架，比如Tornado，有php,java开发经验都优先；
3.熟悉MySQL数据库，有SQL性能优化经验
4.熟悉NSQ消息队列，Redis/Memcached缓存技术
5.熟悉HTTP和WebSocket协议
6.熟悉Linux操作系统, git
7.有良好的代码习惯
加分项：
1.参与过开源项目，有提交过BUG和Patch
2.熟悉OpenStack，Docker等技术
3.有微服务架构设计与开发经验
4.有Github和技术博客"
Python开发工程师,新浪爱问普惠,15000-25000元,深圳,3-5年,本科,"职位描述：
负责后台服务系统设计、开发和维护工作；
参与项目需求分析、联调以及测试工作；
主动发现并提出项目中出现的各种问题，积极推进项目进度。
岗位要求：
1. 计算机相关专业本科以上学历，精通Python语言，有一年以上Python开发经验；
2. 熟悉Unix/Linux后台服务开发，对多进程、多线程编程熟悉，熟悉常见的网络编程模型，有大并发系统后台开发经验者优先;
3. 熟练掌握至少一门Python Web开发框架（Tornado、Flask等)
4. 熟悉Mysql，redis，mongdb，有过数据库调优和海量数据存储经验者优先。
5. 熟悉http/websocket等协议及相关知识，熟悉nginx等web服务器常用配置
6. 熟悉RESTful API设计，有过互联网业务系统或相关技术产品开发经验
7. 对技术有追求，认真踏实，沟通学习能力强，团队意识强"
Python高级开发工程师,跨越速运南山IT中心,18000-35000元,深圳,3-5年,大专,"工作职责：
1、负责信息安全管理平台设计开发；
2、负责信息安全平台优化与外部对接。
能力要求：
热爱技术，积极主动，对解决挑战性问题充满热情，善于分析和解决问题； 
1、大专以上学历，3年以上Python开发经验
2、熟练掌握Python、熟练使用Python标准库和流行的第三方库，有Django、Tornado、Flask等任一Web框架项目经验，能独立开发Web项目；
3、熟悉常见数据库的操作，如Oracle、MySQL、PostgreSQL、MongoDB, Redis等一种或多种；
4、了解常见的前端框架,如bootstrap、jQuery、vue.js、angular等一种或多种；
加分项
5、有复杂功能与权限设计的Web管理后台开发经验或运维平台开发经验优先；
6、了解OWASP TOP10等常见的安全漏洞；"
Python工程师（腾讯外包）,上海微创软件,10000-15000元,深圳,1-3年,大专,"岗位职责：
1. 负责爬虫平台的维护与爬虫任务的配置（NodeJs）
2. 负责爬取数据的清洗与输出（Python, MySQL）
岗位要求：
1. 熟悉JavaScript
2. 熟悉Html、Json等Web概念
3. 熟悉关系型数据库, 能熟练编写SQL语言
4. 学习能力强，有耐心，能独立解决问题
5. 熟悉Python更佳"
Python课程内容研发,熊猫书院,8000-13000元,深圳,经验不限,本科,"【职责描述】
1、负责Python课程的设计、与团队队员一起合作开发课程；
2、联动运营、产品部门，深入了解用户需求，提取、调动用户的学习动力，拆解课程知识，提高用户学习知识的效率；
3、负责将认知心理学、学习心理学、态度情绪等相关学科知识融入课程内容研发中，拆解人们的学习行为、认知行为路径，促成人们更好的学习汲取内容知识；
4、与团队一起迭代、完善内容的生产流程、合作联结，提高内容研发的整体效率。
【任职要求】
1、全日制统招本科以上学历，计算机专业、教育学专业（两者兼具尤佳）背景；
2、有过编程/STEAM课程设计经验；或在线教育课程开发背景优先；
3、爱好编程，有较强的编程能力；以助他人学习成长为自我价值实现者，热爱传播知识、并享受其中；
4、善于与团队合作，沟通能力强，能和团队成员相互学习，共同成长；
5、注重自我成长、自我要求高、自律，尤其是深度学习者；
6、加分项：具备一定的数据分析能力、产品思维能力。"
python架构师,Topline尚诚同力,10000-15000元,深圳,3-5年,大专,"岗位职责：
1. 负责数据采集，参与爬虫架构的设计与研究；
2. 编写新的数据抓取程序，提高网页抓取的效率和质量等问题；
3. 参与爬虫核心算法和策略优化,熟悉采集系统的调度策略；
4. 负责网页信息抽取优化，登录抓取；
5. 负责抓取后的相关数据清洗工作，将清洗后的数据存入数据库；
6. 参与敏捷开发和过程改进；
职位需求：
1. 国家统招大专正规院校以上毕业,计算机相关专业,了解数据结构和数据算法，3年或以上相关经验；
2. 熟悉正则表达式. XPath. CSS等网页信息抽取技术
3. 精通python,熟悉scrapy框架，熟悉requests；
4. 熟悉网页抓取原理及技术,熟悉基于Cookie的网站登录原理
5. 熟悉Redis. MySql；
6. 熟悉PHP，熟悉H5，Vue框架优先；
7.有良好的沟通和学习能力、有较强的团队协作能力以及快速解决问题的能力。
我们的福利：
1.员工入职即可享受丰厚的交通补+餐补+通讯补！ 
2.各种节日和员工生日福利是必不可少的！下午茶、晚餐公司也包了！
3.年度旅游、年度体检当然少不了~
4.工作发展广，良好的环境，公司支持员工多方面提升自己，能让你更大提升自己！"
python开发工程师,龙得水信息,10000-15000元,深圳,3-5年,大专,"1、熟悉python语言开发； 
2、熟悉mysql数据库操作； 
3、熟悉django框架，或者有其他网站框架全栈开发经验优先； 
4、熟悉numpy及矩阵运算是加分项；
5、了解聚类算法是加分项； 
6、了解caffe、MXNet、tensorflow，pytorch等框架是加分项；"
python开发工程师,彧求信息,10000-15000元,深圳,3-5年,本科,"岗位职责：
1、使用 pthon、hive等语言对数据进行统计、计算、分析；
2、能单独发现和解决生产上的数据问题；
3、良好的交流沟通,与其他技术和业务部门共同完成工作。
岗位要求：
1、计算机、统计等相关专业本科以上学历；
2、2年以上 Python开发经验,臭练使用 Pandas等包,熟练使用 Pycharn等开发工具；
3、熟练握数据库及L相关知识,了解基本设计和优化原则；
4、熟 Postgresql/ Oracle/Hive的优先，熟悉企业据的优先；
5、具有较强逻辑思维、较好的业务分析能力；
6、具有强烈的贵任心,良好的沟通能力和团队含作精神。
福利待遇：
1、工作时间：每周工作5天，每天工作7小时；
2、五险一金：入职即可购买；
3、健康保障：年度健康体检；
4、旅游活动：每年组织全公司旅游；
5、有薪年假，一切假期福利按国家标准执行；
6、享有因公司高速发展而提供的广阔发展平台与职业提升空间。"
Python爬虫工程师,小步网络,15000-30000元,深圳,3-5年,本科,"大牛云集,发展空间大,弹性上班
岗位职责：
1、负责开发新爬虫和优化现有的爬虫
2、负责网页信息抓取结果的抽取、数据清洗、分类、聚类等研发工作
3、负责爬虫平台系统的架构以及爬虫核心算法的优化
岗位要求：
1、拥有3年以上开发经验，熟悉Python主流类库使用，熟悉flask/django/tornado框架；
2、 熟悉Mysql，熟练使用redis、kafka等常用第三方组件；有DBA经验者优先；
3、熟练掌握HTTP，TCP/IP，网络编程，爬虫技术；
4、至少用过一款网络嗅探工具（Wireshark、Charles、Fiddler 等）；
5、熟悉分布式系统，对网络和并发编程有丰富的经验，熟悉Linux/Unix平台，能熟练使用脚本语言进行系统日志分析者优先；
6、喜欢尝试新技术，对于使用过的开源软件，能了解到它的原理和机制；
                            
小步网络是一家专注全球移动互联网的初创公司，团队核心成员都是来自于知名互联网公司的大牛。"
Python开发工程师,兴融联科技,12000-13000元,深圳,3-5年,大专,"岗位职责：
1. 根据用户需求文档，进行机器人的用户交互功能相关的后台开发
2. 负责机器人后台监控与系统管理的后台开发
3. 在与协力厂商开发方案中，负责技术沟通与开发
4. 负责机器人后台项目的运维作业
5. 执行上属交办工作任务
任职资格：
1. 计算机、电子、自动化等相关专业，3年以上python后台工作经验
2. 熟练掌握python开发语言，有扎实的编程能力
3. 熟练掌握一种及以上Web框架，Django框架优先
4. 熟悉mysql、redis、mongodb等数据库开发
5. 熟练应用linux操作系统，能够在服务器端进行代码的部署与调整
6. 具备较好的编码习惯，熟悉git，docker，nginx等技术
7. 较好的团队协作和抗压能力"
Python高级开发工程师,量化云,20000-30000元,深圳,3-5年,本科,"1. 负责金融类产品高性能高可用基础框架和组件的设计开发；
1. 负责设计和实现量化策略实时/回测引擎。
工作要求
1. 985/211大学计算机软件或相关专业本科以上学历，三年以上工作经验；
2. 要求精通Python、熟悉C/C++；能够深入理解任一Python框架；
3. 有股票或者金融衍生品交易经验；
4. 有量化系统开发经验优先；
5. 有分布式系统开发经验优先。"
Python工程师,深圳市金未来信息...,8000-13000元,深圳,1-3年,本科,"岗位职责：
1. 负责Python软件、服务器程序、网站后台设计，相关算法研发和优化。
2. 参与应用设计与方案讨论。
3. 负责实现软件、应用程序代码，建立和完善开发文档。
4. 协助对所开发的功能进行测试，协助产品部署。
岗位要求：
1. 熟练掌握Python3的使用，有一定的python web开发经验，熟悉django,flask或Tornado优先。
2. 至少会使用一种数据库技术，如Oracle、SQL Sever、Mysql、PostgreSQL等。
3. 熟悉Bootstrap、Node.js、Linux Shell优先。
4. 有良好的编程习惯，沟通能力强，能够独自编写技术文档。
5. 具备较好的学习能力、问题分析能力，可以独立调试解决问题。
6. 良好的沟通协调能力和团队合作意识，工作踏实，态度积极，能够承受工作压力。"
后台开发(Python/C++/Go),迅雷网络,15000-30000元,深圳,3-5年,本科,"岗位职责：
1. 支持PC迅雷、手机迅雷、海外项目的服务维护和新需求的实现；
2. PC迅雷和手雷项目现有服务的go改造和容器化；
3. 完善自动化运维，完善CI/CD，使服务弹性伸缩，快速扩容，自动fail over。
任职要求：
1. 3年以上服务器后台开发经验（或名牌大学计算机相关专业毕业，1年以上服务器后台开发经验）；
2. 精通Go/C++语言编程, 精通Linux网络编程、多线程编程，有分布式高可用、高性能、高并发后台服务开发、维护经验；
3. 熟悉MySQL、redis、PostgreSQL等后端组件，精通SQL调优，对于使用过的开源软件，能了解原理和机制；
4. 熟悉Docker使用过Kubernetes、Swarm等容器编排工具，有后台服务容器化开发、运维经验，有成熟的CI/CD经验；
5. 强烈的责任心，有自己的软件工程方法论，追求编写优雅的代码，有良好的编码习惯和单元测试习惯，自我驱动力强，能够让合作者建立信任关系；
6. 喜欢尝试最新的技术，丰富团队的技术，开拓团队视野
                            
大流量平台 极客精神"
python工程师,泽亿科技,9000-14000元,深圳,3-5年,本科,"1.有数据分析和处理经验
2.能够搭建自然语言处理、深度学习的模型，包括：中文分词、主题分析、智能对话、情感分析等方面算法有深刻的了解
3.了解机器学习、神经网络等相关算法
4.熟悉TensorFlow，RNN,CNN，Seq2Seq,LSTM
岗位要求：
1.有一定的计算机基础知识；
2.3年以上的Python开发经验，能力强者可放宽要求
3.有志者能够从事AI人工智能方向
                            
创始人团队拥有二十多年从业经验，对行业有深入了解"
python开发工程师,绛门科技,10000-15000元,深圳,1-3年,本科,"岗位要求：
    1、本科及以上学历，2年以上Python/Java使用经验。
  
2、熟悉lua语言，shell脚本开发
  
   3、良好的逻辑思维能力和沟通能力，具有很强的问题分析和解决能力，对解决具有挑战性的问题充满激情。"
python后台开发,SmartX,20000-40000元,深圳,经验不限,不限,"Responsibilities：
1.	设计、开发基于 KVM，VMware，Xenserver，Docker 等虚拟化技术的统一管理平台
2.	设计、开发大规模集群的异步任务调度中心，提供高并发且稳定的调度功能
3.	设计、开发基于 KVM 虚拟机高可用（HA）功能，保证用户业务的连续性
4.	设计并实现健壮，清晰的 RESTful API
5.	撰写细致的设计文档，并对其他同事的代码进行审查
6.	与测试、产品、售前和售后部门密切配合，不断提升产品质量和竞争力
Minimum Qualifications：
1.	热爱编程，具有以下任一种语言的扎实的编程经验：Python、Golang、Java
2.	具有 web 后台开发经验
3.	具有基于以下至少一种软件开发的经验，包括 MySQL、MongoDB、Redis、Cassandra、ElasticSearch、Zookeeper 等
4.	熟悉 Linux 环境编程，理解 I/O 模型、事件模型、协程、线程池等基本概念，具有异步网络编程经验
5.	具有独立完成复杂功能的经历，能够完成完备的设计文档，清晰的接口定义，能够有效的进行任务拆分
6.	代码风格干净简洁，具有极高的软件质量标准
Preferred Qualifications：
1.	有大规模集群系统的开发经验，对软件高可用，高并发有深刻的理解
2.	有基于 KVM，Qemu，Libvirt 等项目开发的经验
3.	有 Openstack 的开发经验
                            
SmartX 是一家以技术为主导的企业服务公司,提供自主研发的分布式存储,虚拟化平台,系统监控分析等 IT 基础设施产品。有着全球领先的分布式系统技术,研发成员均来自顶级的 IT 互联网公司。这是SmartX在知乎上的技术专栏 https://www.zhihu.com/org/smartx-7/activities
  
  
    "
Python爬虫工程师,光速动力,7000-12000元,深圳,1-3年,大专,"岗位职责： 
1. 根据需求开发不同网站平台的爬虫程序，收集指定的信息； 
2. 维护并优化爬虫程序，保证爬虫程序稳定、高效； 
3. 进行数据去重和重新规整；
4. 完成领导交代的其它调研及开发工作；
5. 工作中不断研究应用新技术，有效的提高工作效率。
任职要求： 
1. 本科及以上学历，2年及以上Python开发工作经验；
2. 熟悉Linux操作系统，熟练掌握Python开发语言，能独立完成爬虫开发任务；
3. 熟悉facebook，twitter，ins的爬取；
4. 熟悉flask/django/tornado框架；
5. 熟悉常用的工具如Mysql，Nginx等的基本原理和使用； 
6. 有责任心，有团队精神，积极好学，乐于探讨交流,对新技术充满渴望。"
Python开发高级工程师,国信证券,25000-45000元,深圳,5-10年,本科,"岗位职责：
1. 负责运维团队脚本和工具平台的前后端开发
2. 负责开源自动化和监控工具的技术支持
3. 负责运维团队的Python脚本开发培训
能力描述：
1. 精通Python编程语言和Django开发框架
2. 熟悉Angular或者Vue前端开发框架
3. 熟悉MySQL、Redis等数据库
4. 熟练掌握Linux操作系统
5. 对GoLang开发语言了解尤佳"
Python开发工程师,荔枝微课,15000-25000元,深圳,3-5年,本科,"1、参与公司项目服务端模块的设计、开发和优化
2、能独立负责一个项目的整体规划，包括模块设计，架构设计以及代码的编写
3、对公司目前项目模块进行重构和优化
岗位要求：
1、本科或以上学历
2、熟练使用Python进程程序设计和编写，对C/C++编程有一定程度的理解，编程能力强。具备数据分析的能力更佳。
3、熟悉掌握后端开发的相关知识，熟练使用Django、tornado或Flask, 对高并发场景具有一定程度的处理经验
4、熟悉掌握Linux环境及常用shell命令，能独立在服务器进行调优，测试、部署等操作，并能在服务器状况异常时迅速定位原因。
5、熟悉数据库的操作，对sql语句有深刻的理解，对慢查询语句进行调优，熟悉mysql，有postgresql使用经验更佳。熟练使用redis的用法，包括kv，set，队列等用法，对nosql如mongodb有所了解更佳。
6、具备项目架构能力，能独立承担项目。
6、具备良好的逻辑思维能力，独立分析和解析问题的能力。
7、有良好的沟通协作能力，强烈的责任心与主动性，在自我成长的同时带动团队的成长。
加分项:
1、有个人技术博客
2、对nodejs以及koa，express有所了解有先
3、热爱运动
                            
我们相信，好玩的团队才会创造出好的产品。这里有隐秘的行业大神、技能满满的斜杠青年、爱吃爱玩的高颜值队友；这里有轻松自由的工作氛围、惊喜不断的员工福利、无限可能的成长空间……"
C#/python开发运维工程师,神州信息,8000-13000元,深圳,1-3年,本科,"岗位要求:
1、全日制本科学历，学信网可查；
2、三年以上python或c#开发工作经验；
3、熟悉自动化运维，有独立开发经验；
4、有桌面运维经验优先，独立解决终端软件、硬件问题；
5、良好的沟通能力，形象端庄；
6、掌握网络基础运维；
岗位职责：
1、负责桌面运维工具的开发；
2、分中心桌面电话、远程支持；
3、技术文档撰和开展培训；
4、落地分中心项目开展和推进。
                            
整合全球云产业资源，聚焦云管理服务、定制公有云服务、智慧校园云服务等领域，协同生态体系合作伙伴提供整合云服务，助力用户商业价值提升。以整合云服务、自有品牌产品及服务为切入点，打造融合服务平台
同合作伙伴注入新动能，与合作伙伴共同成长。"
python工程师-深圳OHR3991272,上海网新新思,8000-10000元,深圳,1-3年,本科,"1、本科及以上学历，2年以上python相关经验；
 2、有独立开发经验，有扎实的编程功底、良好的编程习惯。 
3、工作耐心，善于学习，有证券相关经验的优先；
 4、特别匹配的大专也考虑；
外包岗，要求是统招的，可以在学信网上查验。"
Python开发工程师,联觉(深圳)科技...,18000-28000元,深圳,5-10年,本科,"职位描述：
1、从事工业视觉检测系统Web平台＆数据标注web平台的＆深度学习平台等开发工作。
2、按照设计的要求和功能，高质量地完成任务，确保代码具有较高的质量、性能和维护性
3、具有良好的文档编写能力，能按公司规范编写软件工程、产品及相关文档
4、工作认真细致、责任心强、具有积极进取的精神、良好的沟通技能和团队协作能力
5、对技术有强烈的兴趣，具有良好的学习和分析解决问题能力
任职要求：
1. 熟练掌握Python语言，熟悉主流的Python Web开发框架如Flask、Django等
2. 熟练掌握HTML/CSS/JavaScript等前端技术，熟悉主流的前端框架（库）如Bootstrap、jQuery等，具有HTML5、Vue.js、React等开发经验者优先
3. 熟练使用MySQL关系数据库及SQL语言，熟悉Python ORM框架SQLAlchemy，具有NoSQL数据库如MongoDB、Redis等使用经验者优先
4. 熟悉Linux操作系统，了解常用的Linux命令
5. 接触过神经网络算法/机器学习/机器视觉者优先。
6. 接触过解制造业生产过程者优先；
                            
一家认真做产品，致力于用AI解放工人双手的初创公司~"
python开发工程师,联觉(深圳)科技...,14000-20000元,深圳,3-5年,本科,"职位描述：
1、从事工业视觉检测系统Web平台＆数据标注web平台的开发工作。
2、按照设计的要求和功能，高质量地完成任务，确保代码具有较高的质量、性能和维护性
3、具有良好的文档编写能力，能按公司规范编写软件工程、产品及相关文档
4、工作认真细致、责任心强、具有积极进取的精神、良好的沟通技能和团队协作能力
5、对技术有强烈的兴趣，具有良好的学习和分析解决问题能力
任职要求：
1. 熟练掌握Python语言，熟悉主流的Python Web开发框架如Flask、Django等
2. 熟练掌握HTML/CSS/JavaScript等前端技术，熟悉主流的前端框架（库）如Bootstrap、jQuery等，具有HTML5、Vue.js、React等开发经验者优先
3. 熟练使用MySQL关系数据库及SQL语言，熟悉Python ORM框架SQLAlchemy，具有NoSQL数据库如MongoDB、Redis等使用经验者优先
4. 熟悉Linux操作系统，了解常用的Linux命令。
                            
一家认真做产品，致力于用AI解放工人双手的初创公司~"
Python后台开发,德盈泰科,15000-25000元,深圳,3-5年,本科,"。1、负责研发、维护星域共享云计算服务相关模块；
2、 负责云计算前沿技术的研究与应用。
工作要求：
1、本科及以上学历，计算机相关专业；
2、 2年以上相关工作经验；
3、 精通python或C/C++，了解至少一种脚本语言；
4、 熟悉Linux网络编程；
5、 熟悉Linux操作系统原理及常用工具、命令；
6、有分布式系统经验者优先，有高并发、高可用经验者优先；
7、有P2P、区块链开发经验者优先；
8、有云计算服务、平台开发经验者优先；
9、有嵌入式平台开发、性能调优经验者优先；"
自动化测试/python测试,中软国际,8000-13000元,深圳,1-3年,本科,"1、  兼容性ready测试人员要求：a、  具备端到端的特性交付能力；b、  熟练掌握测试方法和常用测试工具；c、  熟练掌握Linux、数据库、Python，能够独立搭建测试环境；d、  有Python自动化测试经验，能够独立编写脚本；e、  了解兼容性测试、最好有相关测试经验；
2、  PM后备人员要求：a、具备端到端的特性交付能力；b、能够独立制定测试方案和策略；c、  熟练掌握Linux、数据库、Python，能够独立搭建测试环境；d、必须有Python自动化测试经验，扎实的脚本写作能力；e、必须有很强的学习能力、逻辑思维能力强、条理清晰、总结表达以及沟通能力好、具备较好的组织能力；f、思考和处理问题全面；g、熟练掌握多种测试方法；h、进行过功能、自动化、性能等多种类型的测试；"
中高级Python工程师,兴融联科技,11000-18000元,深圳,3-5年,大专,"岗位职责：
负责生物特征识别平台的后台系统开发和维护
岗位要求：
1、3年以上系统开发经验；精通python，熟悉linux系统；
2、熟悉python代码性能优化和分析，熟练使用多线程编程；
3、精通tornado、django等主流框架，有后台restful api服务的实际项目经验，并对服务高并发、高可用有了解；
4、熟悉mysql、oracle、redis等数据库使用和优化方法；
5、具有优秀的编程习惯和较强的研发与设计能力，能独立分析和解决问题；
6、有AI后台开发经验者优先
                            
兴融联拥有一支稳定团结具有丰富经验的管理团队，秉承“诚信、高效、创新、专业”的企业理念，对客户的战略业务需求有着透彻的理解，在动态多变的环境中为兴融联的发展指明了清晰的愿景和方向。"
后端开发工程师/实习（Go/Python/PHP）,熊猫书院,8000-13000元,深圳,经验不限,本科,"【职位诱惑】
小组制度、导师带教、多语言学习、新技术探索
> 加入我们，你将学习承载百万学员的学习平台如何被创造；
了解风变编程的微服务架构、集群化管理、devops文化；
不仅仅会使用Go/Python/PHP 多种语言，还有Docker、K8S、Elasticsearch、WebSocket等服务架构的演进，同时还会与其他Group 一起开展 NLP（自然语言处理）与 AI问答、PLT（Programming language theory）设计编程语言等领域的深入研究；
> 作为一家教育公司的技术团队，秉承公司的教育理念，对待实习生的培养我们非常认真并且专业。期待你的快速成长，我们能一起探讨技术的未来。
【能力要求】
1. 计算机相关专业并且热爱计算机与coding。在校期间的每个实验或大作业都是自己独立完成，并成为了别人的大腿
2. 逻辑能力强，看见一个产品就能很快分析出背后的实现逻辑
3. 至少使用 Go || Java || Python || PHP 实现过一个 web 项目
4. 除了 MySQL 、SQL Server 外，至少还用过1种其他数据库，比如 PostgreSQL、mongo DB
5. 已经放弃使用 windows ，选择了 mac os 、ubuntu 或其他 linux 发行版作为你的开发环境
6. 追求更高的代码质量，所以设计模式是比较熟悉的，并且应用在了自己做的一些项目里
7. 非常熟悉 Git ，了解  git-flow 或者 gitlab-flow 
8. 以上 7 点完全匹配可能要求较高，如果你真的热爱编程、乐于挑战也可以投简历试一试
【职位描述】
1. 前期，学习并熟悉公司的业务与技术架构
2. 根据成长幅度的不同，参与不同难度的产品项目
3. 能力突出者，参与新技术探索与应用
4. 能力突出并不难，目前我们系统的部分核心业务与设计就是实习生参与共同完成的"
Python,深圳酷普网络科技...,15000-25000元,深圳,5-10年,本科,"职责:
量化交易系统后台开发和维护,量化机器人开发,维护虚拟货币相关的服务（数据相关）
1.python基础扎实,有数据采集,清洗和分析经验
2.1年以上web开发经验,至少掌握flask框架
3.有Restful API接口开发经验
4.熟悉Linux/uinx操作系统基础原理，熟练使用Linux系统
5.熟练使用MySQL，MongoDB, mq等；
6.有量化交易策略开发/机器学习经验优先"
Python后台高级工程师,深圳哇哇鱼网络,15000-30000元,深圳,3-5年,大专,"1、计算机相关专业本科以上学历，1年以上Python项目开发经验。
2、熟练使用Python进行统计分析、数据挖掘、数据清洗等处理，编程能力强。
3、熟悉至少一种关系数据库如Oracle、MySQL等，熟悉SQL,了解mongodb、redis。
4、熟悉linux系统环境搭建、配置和管理, 熟练使用linux shell脚本。
5、对数据结构和算法设计有较为深刻的理解，具有良好的沟通能力和团队合作意识。
6、具备良好的逻辑思维能力，独立分析和解决问题的能力。"
Python开发工程师,潮生活新媒体,12000-15000元,深圳,3-5年,本科,"岗位要求：
1、全日制本科、计算机或信息、通信类、软件类相关专业；3年及以上工作经验
2、热爱编程，熟练使用python语言，熟悉python桌面端开发框架PyGtk、PyQt、wxPython任意一种，至少1年以上使用经验，至少做过一个完整的桌面项目；
3、熟悉TCPIP协议相关应用开发、Socket通信应用开发、python、熟悉python web开发更佳；
4、了解python数据处理、python机器学习方面的应用开发更佳。
岗位职责：
1、完成发票助手windows桌面程序的开发与维护；
2、参与公司产品的用户数据分析应用开发；
3、参与一些利用机器学习算法的应用开发（比如推荐、半自动内容生产）
你能获得的：
1、 公司实行有竞争力的、成体系的薪资制度，且激励性强，无论您在什么岗位，只要您有能力，人人都可以拿到高于同行的高薪；
2、入职即购买五险一金；
3、 公司会按国家法定节假日实行带薪休假(春节、元旦节、清明节、劳动节、端午节、中秋节、国庆节）不仅如此，还有带薪病假和带薪年假；
4、 公司办公环境优美、自由休闲，在休息区提供丰富多彩的员工活动：娱乐室、各种图书、杂志等，各种零食任你享用；
5、 每月100元/人团建费用，50元/人零食费用，可累计。不定期聚餐、生日会、茶话会和吐槽会等；
6、各种吃喝玩乐的机会。
上班时间：
周一至周五，9:00-18:00，双休，节假日休。"
Python开发工程师,深圳云天励飞,23000-30000元,深圳,5-10年,本科,"岗位职责
1、参与后台服务的设计、开发、优化等研发工作
2、与PM、算法及前端开发人员协同工作，保证产品的质量和开发进度
3、对产品进行持续优化
岗位要求
1、精通Python语言，有Web后台服务开发的实际项目经验
2、熟练掌握至少一门Python Web开发框架（Tornado、Django、Flask等
硕士三年以上经验优先考虑
3、熟练使用至少一种数据库（MySQL/PostgreSQL/Redis/MongoDB)
4、有独立分析和解决问题的能力，有良好的团队合作精神
5、985、211学校优先考虑"
AI研发工程师（Java/C++/Python）,平安综合金融,15000-30000元,深圳,3-5年,本科,"岗位职责：
1.负责个性化推荐及广告系统的开发，支持海量数据和请求，实现相关产品的精准推荐；
2.负责任务型机器人、智能对话、智能问答相关产品及业务研发；
3.负责深度学习平台搭建与维护，集成NLP/深度学习相关算法，支持寿险的业务需求；
4.根据业务需求对相关工具、算法进行稳定性和性能优化。
5.微服务框架搭建及优化
岗位要求：
1.知名大学AI科班本科及以上学历，具备硕士、博士学历或ACM获奖经历优先；
AI知名公司或者TOP互联网公司工作背景AI从业经验；
2.具有扎实的数据结构、算法基础、编码能力，熟悉Java、python、C/C++或其他编程语言；
3.熟悉多线程/进程开发，熟悉网络编程；
4.具备大规模分布式计算平台的使用和并行算法的开发经验优先，如hadoop/spark/tensorflow；
5.性格开朗，责任心强，有良好的执行能力、学习能力、沟通能力、适应能力。"
Python开发工程师,普特医学,15000-20000元,深圳,1-3年,本科,"岗位要求：
1、精通Python，具有高并发服务器开发经验；
2、具有移动app数据接口开发经验；
3、熟练使用 Redis 等分布式缓存
4、具备 PostgreSQL、MySQL 索引优化、查询优化和存储设计经验
5、了解 RPC、分布式队列任务优先
6、具备良好的代码编写规范，问题定位分析及较强的文档编写能力 
素质要求：
1、有大型网站、APP后端开发案例，有创新能力，表达能力强；
2、工作主动热情，学习能力强，注重细节，善于与他人合作；
3、良好的沟通能力和团队意识，负责的工作态度；
4、良好的创意思维和理解能力，能及时把握用户需求。
工作职责：
1、负责服务端数据API接口开发，对服务器端和数据库性能进行优化；
2、负责后端基础业务和底层架构设计；
3、与产品测试及需求工程师密切沟通，保证软件产品质量和开发进度；
4、编写易读、易维护、高质量、高效率的代码，书写详细的开发注释、文档；
5、负责制定技术实现方案、服务接口开发等工作；
6、负责完成公司交办的其他工作。"
运营python开发工程师,富途,14000-28000元,深圳,1-3年,不限,"职位诱惑：
1、福利好，薪资高，技术牛人多，工作氛围好，上升空间大
2、能深度参与互联网金融公司devops全流程建设， 成为SRE工程师
3、能了解到公有云原理、私有云建设等最前沿技术栈
4、能学习到许多金融、证券行业投资知识
工作职责：
1、负责云运维自动化平台设计与开发，提供高效创新的一站式运维服务；
2、负责监控系统开发、海量数据处理集群建设，提供AI智能监控、精准监控、业务链路监控、监控统计分析服务；
3、负责后台自动化测试系统设计与开发， 以及其他运维系统平台开发。
工作要求：
1、熟悉python，熟悉OOP编程模式，熟悉设计模式、开发规范，前后端都会优先；
2、熟悉mysql， mongoDB，熟练使用SQL/NOSQL做为web后端数据存储；
3、熟悉Django框架优先；
4、熟悉类Unix系统架构、Tcp/Ip协议，掌握常用linux命令；
5、具有大数据、运维自动化研发经验的优先；具有产品意识优先；
6、有责任心，优秀的团队合作精神，良好的沟通表达和需求抽象能力；
                            
富途成立于2012年4月，创始人为前腾讯第18号员工，是一家为投资者提供港股和美股交易服务的互联网券商。
公司高管来自各行各业精英，中基层人员主要来自BAT公司，团队整体由一群年轻的互联网人才构成。在这里充满青春活力与工作激情，如果你才华横溢又期望大展宏图，那就加入我们吧！"
Python后台研发工程师,德里克设备,30000-50000元,深圳,5-10年,本科,"职责描述： 
1、负责平台服务的开发维护工作；
2、具备较好的学习能力、问题分析能力，可以独立定位解决问题；
3、善于思考，能自主提出改善产品方案。
任职要求：
1、211/985统招本科及以上学历，计算机相关专业，需要有一定的业务需求分析能力，五年以上开发经验；
2、熟悉 linux 基本指令使用，能独立安装部署基础服务，如：sshd，nginx，rabbitmq等；
3、熟练使用 Python，了解各种常用库使用；
4、熟练使用 git 及 svn；
5、熟悉 Redis，MySQL/PostgreSQL，MongoDB，RabbitMQ/Kafka 中的多个服务；
6、了解 Django 或 Flask 框架，能独立开发 RESTful API 服务；
7、有 Docker，gitlab，Jenkins 等使用经验，了解 IOT 物联网行业者优先。"
python开发工程师,荔枝微课,8000-13000元,深圳,1-3年,本科,"岗位职责：
1、负责服务端的后台架构的优化、设计与开发；
2、根据产品需求，制定解决方案；
3、负责现有系统的性能调优等的设计与实现；
   任职要求：
1、本科以上学历， 计算机或相关专业；
2、基础扎实，熟练掌握Python，1年以上开发经验；
3、熟悉 Linux 开发环境，熟悉 tornado 、django 或 flask 等框架。
4、思路清晰，优秀的分析和解决问题的能力, 具备良好的沟通能力，团队合作意识, 能主动承担，乐于分享；
5、熟悉移动互联网服务及应用开发者优先；
6、熟悉MySQL、MongoDB、Redis数据库和多线程编程；
加分项:
1. 有过高并发服务器设计和架构经验，系统调优相关经验；
2. 简历中最好能提供个人博客地址和 Github 地址。
3. 熟悉微信开放平台搭建
                            
荔枝微课是大众知识分享平台，累计使用人次超过2.5亿。
专注知识分享，立志成为一所线上的社会大学，提升用户各项技能素养。
平台类目丰富多样，因优质的自我成长、读书、职场提升、亲子育儿类课程而备受业内关注。"
python数据分析,第一卫,8000-12000元,深圳,1-3年,大专,"岗位职责：
1、负责行业数据采集（天猫、京东、亚马逊等），建立行业信息数据库；                                                                    
2、对电商平台进行数据采集、分析，提出优化建议；
3、负责制作电商平台日、周、月度的销售分析报表，多维度完成各渠道数据报表；
4、从数据角度对产品设计、用户体验和业务发展提出建设性的意见，支持部门相关流程优化。
任职要求：
1、熟练使用Python、EXCEL、SPSS、Tableau等工具软件；
2、拥有2年以上电商数据爬虫、分析经验，熟悉京东、天猫等主流平台的运营模式，能够从海量数据中筛选有价值的信息；
3、数据敏感度高、商业敏感度高，有清晰的逻辑思维和良好的沟通能力；
4、大专或以上学历，数学、统计学、电子商务、计算机相关专业优先。
                            
我们是一个非常纯（dou）洁（bi）的电商团队，第一卫的小伙伴们都很热情，很疯狂，很团结，我们期望更多 “不一样”的伙伴，与第一卫一起做“特立独行”的品牌。
众多尚未开发的、热爱生活的单身软妹纸和靠谱男青年，类型之多，款式之全，可谓所向披靡！
办公室聊天口味略重，奇人异事众多，心理承受能力不足者请慎投！"
name,company_name,salary,city,experience,education,job_desc
python,软通动力信息技术集团,8k-13k,深圳,1-3年,本科,"掌握python基础以及常用的的python库；
掌握Linux系统   shell 命令
有懂机器学习优先考虑
                            
宽松氛围，积极进取"
Python,腾讯,20k-30k,深圳,3-5年,本科,"负责大规模运维系统开发，包括cmdb，发布，监控，容量管理等
具备分布式系统架构能力
熟悉python/golang 后端开发"
python,中软国际,8k-16k,深圳,1年以内,本科,"1.一年以上的python开发工作经验；
2、熟悉Linux环境，能够独立做shell编程；
3.全日制统招本科学历（17年及其以前毕业，应届毕业生及大专学历的勿扰哦）"
python,软通动力,10k-20k,深圳,3-5年,本科,"岗位要求：
1、熟悉Python定时任务框架：APScheduler,celery
2、熟悉python爬虫框架：Scrapy shell
3，熟悉多线程编程，linux/flask/diango/tornado/redis/mongoDB
4，统招本科以上学历。
1.熟悉python 开发，理解IO,多线程，集合等基础框架，对JVM原理有一定了解。
2.熟悉Linux配置和Shell使用，熟练数据库（Mysql，MS SQL SERVER使用，设计，调优）。
3.有接口开发及性能调优经验者优先"
Python,OPPO,20k-40k,深圳,1-3年,硕士,"职责描述：
1、内容审核的AI 检测能力搭建，包括鉴黄，鉴政，鉴恐等。
2、舆情监控平台建设，对线上用户反馈进行情感分析，获取用户使用信息。
3、负责网络爬虫程序设计，开发及维护，对目标网站进行数据爬取分析，找到最优化的爬取策略。
任职要求：
有机器学习（回归，分类，聚类等）相关知识背景。
实际项目中有文本处理，文本分类方面的工作经验。
了解并使用过常用的机器学习（scikit-learn）和深度学习（TensorFlow）框架。
精通网页抓取原理及技术，精通正则表达式，熟练从结构化和非结构化的数据中获取信息；
精通PYTHON语言，熟悉数据库性能优化与常见缓存技术与策略；
具备优秀的逻辑思维能力，对解决挑战性问题充满热情，善于分析问题/解决问题；
有强烈的上进心和求知欲，擅于学习新事物"
Python,志鑫信息技术,4k-9k,深圳,1-3年,学历不限,编写python脚本执行对应命令，系统开发。与后台系统进行通讯。处理爬虫出来的数据。熟悉shell脚本，熟悉linux。会用python执行shell脚本。接受江苏区域的出差现场开发，包吃住。
Python,小赢科技,10k-20k,深圳,经验不限,本科,"【岗位职责】
1、负责平台基础模块的开发维护工作；
2、负责平台金融产品业务逻辑的实现。
【任职资格】
1、计算机相关专业，有相关工作经验；
2、熟练掌握python语言，了解Golang、C/C++语言更优
3、掌握一种主流web框架，熟悉http协议
4、熟悉html,js,css,javascript前端技术，有实际开发经验
5、熟练使用Mysql等数据库，熟悉SQL语言；
6、熟悉Linux系统的使用，以及相关环境下的调试 ；
7、了解memcache，redis，mongodb等nosql组件者优先；
8、较强的学习能力，善于交流，有团队合作精神。"
Python讲师,小码教育,9k-12k,深圳,应届生,本科,"1. 主要负责讲授青少年编程Python课程；
2. 按照公司制定的教学计划，高质量完成教学任务；
3. 负责班级日常管理和维护工作；
4. 负责学生辅导和教学答疑等工作；
5. 参与优化和创新教学课程体系；
6. 配合其他部门完成相关工作。
任职要求：
1. 本科计算机相关专业；
2. 具备独立工作能力和学习能力；
3. 形象佳，亲和力强，有较强的沟通表达能力；
4. 耐心，吃苦耐劳，责任心强，有团队协作能力；
5. 有教育培训行业经验者或者相关教师资格证书者优先。
注：我们比较在乎讲师的授课状态~也就是沟通交流能力一定要好，当然形象也不能差啦~"
Python讲师,小码教育,10k-15k,深圳,1-3年,本科,"1. 主要负责讲授青少年编程Python课程；
2. 按照公司制定的教学计划，高质量完成教学任务；
3. 负责班级日常管理和维护工作；
4. 负责学生辅导和教学答疑等工作；
5. 参与优化和创新教学课程体系；
6. 配合其他部门完成相关工作。
任职要求：
1. 本科计算机相关专业；
2. 具备独立工作能力和学习能力；
3. 形象佳，亲和力强，有较强的沟通表达能力；
4. 耐心，吃苦耐劳，责任心强，有团队协作能力；
5. 有教育培训行业经验者或者相关教师资格证书者优先。
注：我们比较在乎讲师的授课状态~也就是沟通交流能力一定要好，当然形象也不能差啦~"
python讲师,泽林信息,18k-30k,深圳,3-5年,本科,"1、3年以上Python编程经验；
2、精通Python全栈开发，精通Django Web框架；
3、深刻理解计算机原理，有良好的数据结构和算法基础；
4、熟悉面向对象程序设计方法；
5、熟练数据库表设计、SQL语法，熟练MySQL数据库；
6、熟练web前端技能, 包括html/css/javascript/jquery/boostrap；
7、熟练Linux环境开发，熟练使用SHELL命令和脚本语言；
8、熟练基于Linux应用程序的管理和配置，如Docker、Redis、GitLab、Ansible、Nginx、Zabbix、Jenkins等；
9、有Python网络爬虫相关开发经验优先；
10、具备大型网站或高并发系统开发、设计工作经验者优先。"
python研发,腾讯,30k-60k,深圳,5-10年,本科,"【职位描述】
聚焦分布式数据分析开发工具开发，提供领先的数据分析工具，服务于大数据以及机器学习分析
【岗位要求】
1、4年以上软件开发工作经验，有互联网开发经验者优先； 
2、熟悉Python、Shell语言和Vim编程工具，具备编码能力，能够开发自动化测试框架； 
3、熟悉软件开发流程、设计模式、体系结构，具备一定的需求分析和系统设计的能力；
4、熟悉jupyter notebook能进行二次开发尤佳
                            
我们是腾讯大数据研发团队，我们的平台规模达30000+台，处理每天17万亿数据的实时处理，每天600万的流批计算任务，存储规模达500PB，为公司广告业务提供全流程数据驱动的精准、实时及海量个性化推荐业务，每天超过300亿+广告请求服务，同时支撑腾讯云大数据基础能力建设，欢迎大数据各领域专家的加入。"
Python,云图智联,15k-30k,深圳,3-5年,本科,"关于WisConT
WisConT是一家集产学研为一体的高科跨国技企业，专注于物联网和大数据方面的研发及应用。公司总部设在深圳，目前为汇丰银行全球总行、英国电网、中国电信、深圳国税局等大型单位提供数据库及软件开发服务，同时与英国帝国理工、西安交通大学等高校展开紧密合作。WisConT集团横跨亚欧美大陆的多个国家，创始人为剑桥大学、帝国理工学院等世界顶级高校的博士生，目前全职、兼职开发人员共有20多人。
岗位：python后端数据工程师（数据库及Python）
职位要求
对数据库进行建库、建表及ETL操作，并协助定制基于Python的Web应用程序后端的规划、设计、开发、发布、部署及维护，主要涉及到税务相关的数据分析及后端程序开发。
性质和范围
在技术方面，该职位会向后端总监或更高级别的技术人员报告。该职位既需要能独立开展工作，也是团队的一部分，例如配合产品经理进行开发，为内部和外部客户提供软件解决方案。
基本职责
与客户沟通协作，以了解他们的业务需求
使用敏捷方法设计和开发完整的软件解决方案
记录软件使用情况并根据需要开发培训材料
维护和支持应用程序和数据库
管理开发基础设施工具和服务
与同行合作，开发创新解决方案
关键素质
良好的人际关系，良好的口头和书面沟通技巧，包括对软件代码的评论及注释
能够在基于团队的环境中与各级技术人员进行有效沟通和互动
具有批判性思维，能够有技巧地公开表达自己的不同意见
具有很强的解决问题的能力
能遵循标准操作规程，按照规范记录工作，并在接受适的监督
具有强烈的求知欲望和对新技术的钻研精神
所需技能
熟悉关系型数据库理论及管理
熟悉SQL语句
熟悉Pandas
了解ETL流程
有一定的Web应用程序开发经验
有Git版本控制系统的经验
良好的人际关系，口头和书面沟通技巧，包括评论软件代码
加分项
有大型数据表（亿行数据以上）的处理经验
熟悉数据仓库理论
                            
CEO李云曦博士
剑桥大学博士；伦敦帝国理工学院AES研究中心工业协作成员；数据科学家，大数据、人工智能技术专家。
CTO Pedro Baize博士
帝国理工学院博士。伦敦帝国理工学院AES研究中心工业应用主任，曾为帝国理工科学计算研究中心创始人兼副主任，博导；数据科学家，流体动力学专家，科学计算专家。"
Python,中畅数据,10k-15k,深圳,1-3年,本科,"职责描述：
1、负责公司数据交换和调度平台的开发与维护；
2、负责服务端整体架构的设计、开发与维护；或者前端的基于Vue或Django的设计、开发与维护
3、参与数据产品的设计与方案讨论；
4、负责实现软件、应用程序代码，建立和完善开发文档。
任职要求：
1、熟悉Python，熟悉Flask、Django等Web开发框架，2年以上相关WEB开发经验；
2、熟悉MySQL、MSSql、Oracle等关系型数据库，并有实际的项目开发经验；
3、基础知识扎实，有一定的数据结构与算法基础；
4、熟悉Celery、DataX、Airflow 或Pandas, Numpy库；
5、有良好的技术视野，追求简洁优雅的技术解决方案，能够根据产品和用户的发展，扩展技术架构；
6、有良好的沟通能力，能和不同背景的成员沟通协作；
7、有数据平台开发经验者优先；熟悉ETL、数仓应用的优先。
学历要求学信网可查！"
Python教学讲师,小码教育,8k-13k·13薪,深圳,经验不限,本科,"岗位职责：
1、主要负责讲授青少年编程课程；
2、按照公司制定的教学计划，高质量完成教学任务；
3、负责班级日常管理和维护工作；
4、负责学生辅导和教学答疑等工作；
5、参与优化和创新教学课程体系；
6、配合其他部门完成相关工作。
7、python新讲师培训；
8、教学品质督查
任职要求：
1、本科及以上学历；
2、掌握python语法基础，数据结构和算法；
3、热爱教育事业，有良好的敬业心；
4、能主动与学生沟通，关心学生，并督促学生认真学习；
5、普通话标准，语言表达能力强，逻辑思维清晰，具有优秀的沟通技巧；
工作时间：周一周二双休，周三-周五上班分早晚班，早班：9:00-18:30，晚班：12:30-8:30，周六日：9:00-9:00"
python,易特科集团,15k-25k,深圳,3-5年,本科,"任职要求：
1、熟练Python语言,能够熟练运用Django/Flask框架，有实际Django/Flask项目经验；
2、熟悉http、json技术
3、熟练MySQL操作及数据库设计等
4、了解Python下Dicom相关开源库及开发者优先
5、熟悉Linux系统，了解Docker容器技术
6、具备较强的学习能力、问题分析能力，可以独立调试解决问题；
                            
强大的科研实力强大，博士后流动站"
Python开发,软通动力,13k-26k,深圳,3-5年,本科,"项目名称：华为大脑（人工智能方向）
任职要求：
1、熟悉Python语言，能够熟练使用python的web框架设计网站，例如django等。
2、熟悉常用爬虫框架，如Scrapy框架。熟练使用Scrapy框架以及scrapy-redis分布式等
3、有过分布式任务调度管理(celery)的经验，可熟练编写高并发程序。
4、熟悉多线程、多进程和协程网络通信编程相关知识以及HTTP/HTTPS协议，TCP/IP等网络协议; 
5、熟悉Linux/Unix类开发环境，熟悉其常用命令的使用; 熟悉MySQL， Redis， MongoDB
6、数据分析: 熟悉python数据分析相关模块numpy,pandas以及matplotlib; 
8、了解Django，FlaskWeb; 
其他要求：
1、3年以上相关工作经验，本科及以上学历
2、具有良好的工作态度和职业道德
3、具有较强的表达能力，能主动沟通、并进行团队协作
4、工作主动性强，能承受一定的工作压力
5、具备较强的安全意识和一定安全风险控制能力
6、有较强的逻辑思维能力，对技术有强烈的兴趣，具有良好的学习能力；"
python开发,雁联技术,11k-18k,深圳,3-5年,本科,"外包岗位，请详阅后投递简历
学历要求全日制统招大专以上~~~
1、负责设计和开发分布式网络爬虫系统，进行电商等平台信息的抓取和分析；
2、设计爬虫策略和防屏蔽规则，提升网页抓取的效率和质量；
3、 爬虫逻辑的开发，快速响应业务变动
1、具有1-2年爬虫开发经验，精通python，熟练使用多线程，熟悉常用的爬虫框架；
2、对数据结构和算法设计有较为深刻的理解，具有良好的沟通能力和团队合作意识;
3、熟悉正则表达式，Jsoup、XPATH，CSS选择器，能够从结构化和非机构化的数据中获取信息,了解各种Web前端技术，包括HTML／XML／JavaScript／AJAX／JSON等;
4、拥抱新技术，有很强的学习能力；
5、懂其他技术点加分。
6、有主流电商平台数据爬取经验优先"
Python,简易通科技,8k-12k,深圳,1-3年,本科,"1.能进行独立的后端开发（配一名前端），独立开发，独立开发，独立开发，重要的事情说三遍。
2.物联网行业智能终端接入，熟悉一到两种数据库
3.熟悉智能终端接入协议
4.最好有过车载gps定位器或者其他物联网硬件的接入经验
5.物联网系统对高并发有需求，需要用tornado或者twisted、以及其他高并发框架来构建整套后台系统。
6.有意向的朋友先看看官网，www.jyteasy.com,了解我们的业务和方向，是否与你的发展方向匹配。
7.作为创业小团队，我们寻找可以共同冒险的合伙人级别的技术负责人。
8.作为回报，物质方面，除了基本工资，项目收益分成是主要收入，公司按年按贡献度给合伙人配股;成长方面，大量的项目给你练手，技能快速成长，作为技术核心，参与公司全方位的运作，经历快速成长。;"
Python后端工程师,客路旅行,15k-25k,深圳,3-5年,本科,"职位诱惑：
国际化平台,环境舒适,好玩有趣
职位描述：
1. 参与KLOOK Affiliate业务线的后端研发工作
2. 负责管理自身项目和需求的优先级、按时高质量交付
3. 与产品经理沟通需求，进行相关的技术文档编写，方案设计
4. 运用模块化、分层等系统设计思想进行开发工作，对自身所负责的线上服务进行监控和性能调优
5. 学习研究业界先进技术，保持技术进步
职位要求：
1. 熟练掌握Python/Java/Go等编程语言，具有扎实的计算机基础和编程能力，熟悉常见的算法与数据结构
2. 熟练掌握网络编程, Http协议, 能够解决常见的网络编程问题, 熟练掌握MySQL数据库
3. 熟练掌握常见的Linux服务器配置, 比如Nginx, Mysql
4. 熟悉RESTful API设计，有过互联网业务系统或相关技术产品开发经验
5. 有较强的工作责任心和良好的沟通协调能力，能够快速定位问题并解决问题
6. 有较强的学习能力, 能够在较短的时间内学习需要用到的技能并进行应用
7. 能熟练阅读英文技术文档, 口语流利者优先
8. 开源贡献者优先，GitHub源码者优先，技术博客者优先
                            
薪资丰厚 平台好 人性化"
高级Python工程师,环球易购,15k-25k,深圳,5-10年,本科,"岗位职责：
1、负责公司选品系统的设计、开发、维护工作
2、分析业务的技术可行性，根据业务文档设计开发相应的模块；
3、构建基于用户、产品、交易场景等高性能、强适应、可扩展数据挖掘模型和框架，有效支撑精准营销、运营以及推荐等业务需求；
任职要求：
1、数学，统计，计算机相关专业本科以上学历
2、熟悉Python以及数据分析相关工具
3、有爬虫开发经验，熟悉scrapy-redis爬虫框架
4、熟悉MySQL数据库，mongodb数据库
5、有良好的沟通、理解能力，逻辑思维强，能够独立思考以及解决问题；
6、有elasticsearch 实战经验者优先
7、有数据分析、机器学习相关经验者优先"
运维开发（Java/python),平安科技,15k-30k,深圳,3-5年,本科,"岗位职责：
应用系统的维护，包括可用性管理、监控管理、容量管理、环境调优、运维工具优化、自动化运维、开源工具引入，java或者python开发等
任职要求：
熟悉应用系统故障诊断、问题处理、性能调优；
熟悉linux操作系统、Oracle或MySQL数据库、Weblogic或Tomcat平台；
熟练编写shell、perl、python等脚本；
熟悉AIOPS；
熟悉以下几种技术中的两种或以上： 
  J2EE平台架构以及网上应用程序的开发技术及流程；
   PL/SQL、Oracle数据库及性能优化技术； 
   linux/Unix的基本操作和维护； 
   weblogic等J2EE应用服务器的配置和维护；
   perl/python等文本分析语言；     
                            
平安科技hr。
简历请发*****。
云平台、大数据、人工智能、智慧城市、智能医疗等业务都有，欢迎各大人才前来了解。"
python工程师,荔枝微课,9k-15k,深圳,1-3年,本科,"工作职责：
1、负责服务端的后台架构的优化、设计与开发；
2、根据产品需求，制定解决方案；
3、负责现有系统的性能调优等的设计与实现；
任职要求：
1、本科以上学历， 计算机或相关专业；
2、基础扎实，熟练掌握Python，2年以上开发经验；
3、熟悉 Linux 开发环境，熟悉 tornado 、django 或 flask 等框架。
4、思路清晰，优秀的分析和解决问题的能力, 具备良好的沟通能力，团队合作意识, 能主动承担，乐于分享；
5、熟悉移动互联网服务及应用开发者优先；
6、熟悉MySQL、MongoDB、Redis数据库和多线程编程；
加分项:
1. 有过高并发服务器设计和架构经验，系统调优相关经验；
2. 简历中最好能提供个人博客地址和 Github 地址。"
python开发,小赢科技,15k-30k,深圳,3-5年,本科,"【岗位职责】
负责公司devops研发协作平台开发，整合包括自动化测试，环境管理，CI/CD等。
【任职资格】
1、本科及以上学历；
2、具备3年以上开发/测试开发经验，精通Python开发；
3、熟悉容器化技术，docker&k8s等工具应用；
4、了解java/php/C++编程语言优先
5、熟悉使用LINUX/UNIX、精通MySql数据库操作；
6、精通网络编程和相关的TCP/IP网络协议；
7、程序设计思路清晰、有较好的系统设计能力；
8、熟练掌握软件工程理论、良好的沟通合作和抗压能力。"
